Sample_ID';Sample_name;Genotype;Genotype2;Compartment;Soil
En-001;Gifu_1_Aso_Endosphere;Gifu;Gifu;Endosphere;Aso
En-002;Gifu_2_Aso_Endosphere;Gifu;Gifu;Endosphere;Aso
En-003;Gifu_3_Aso_Endosphere;Gifu;Gifu;Endosphere;Aso
En-004;Gifu_4_Aso_Endosphere;Gifu;Gifu;Endosphere;Aso
En-005;Gifu_5_Aso_Endosphere;Gifu;Gifu;Endosphere;Aso
En-006;Gifu_6_Aso_Endosphere;Gifu;Gifu;Endosphere;Aso
En-037;NLEAP0_1_Aso_Endosphere;roomie1-1;roomie1;Endosphere;Aso
En-038;NLEAP0_2_Aso_Endosphere;roomie1-1;roomie1;Endosphere;Aso
En-039;NLEAP0_3_Aso_Endosphere;roomie1-1;roomie1;Endosphere;Aso
En-040;NLEAP0_4_Aso_Endosphere;roomie1-1;roomie1;Endosphere;Aso
En-041;NLEAP0_5_Aso_Endosphere;roomie1-1;roomie1;Endosphere;Aso
En-042;NLEAP0_6_Aso_Endosphere;roomie1-1;roomie1;Endosphere;Aso
En-055;NLEAP1_1_Aso_Endosphere;roomie1-2;roomie1;Endosphere;Aso
En-056;NLEAP1_2_Aso_Endosphere;roomie1-2;roomie1;Endosphere;Aso
En-057;NLEAP1_3_Aso_Endosphere;roomie1-2;roomie1;Endosphere;Aso
En-058;NLEAP1_4_Aso_Endosphere;roomie1-2;roomie1;Endosphere;Aso
En-059;NLEAP1_5_Aso_Endosphere;roomie1-2;roomie1;Endosphere;Aso
En-060;NLEAP1_6_Aso_Endosphere;roomie1-2;roomie1;Endosphere;Aso
En-073;CFI1_1_Aso_Endosphere;CFI1;CFI;Endosphere;Aso
En-074;CFI1_2_Aso_Endosphere;CFI1;CFI;Endosphere;Aso
En-075;CFI1_3_Aso_Endosphere;CFI1;CFI;Endosphere;Aso
En-076;CFI1_4_Aso_Endosphere;CFI1;CFI;Endosphere;Aso
En-077;CFI1_5_Aso_Endosphere;CFI1;CFI;Endosphere;Aso
En-078;CFI1_6_Aso_Endosphere;CFI1;CFI;Endosphere;Aso
En-091;CFI2_1_Aso_Endosphere;CFI2;CFI;Endosphere;Aso
En-092;CFI2_2_Aso_Endosphere;CFI2;CFI;Endosphere;Aso
En-093;CFI2_3_Aso_Endosphere;CFI2;CFI;Endosphere;Aso
En-094;CFI2_4_Aso_Endosphere;CFI2;CFI;Endosphere;Aso
En-095;CFI2_5_Aso_Endosphere;CFI2;CFI;Endosphere;Aso
En-096;CFI2_6_Aso_Endosphere;CFI2;CFI;Endosphere;Aso
En-109;Gifu_1_Utobara_Endosphere;Gifu;Gifu;Endosphere;Utobara
En-110;Gifu_2_Utobara_Endosphere;Gifu;Gifu;Endosphere;Utobara
En-111;Gifu_3_Utobara_Endosphere;Gifu;Gifu;Endosphere;Utobara
En-112;Gifu_4_Utobara_Endosphere;Gifu;Gifu;Endosphere;Utobara
En-113;Gifu_5_Utobara_Endosphere;Gifu;Gifu;Endosphere;Utobara
En-114;Gifu_6_Utobara_Endosphere;Gifu;Gifu;Endosphere;Utobara
En-145;NLEAP0_1_Utobara_Endosphere;roomie1-1;roomie1;Endosphere;Utobara
En-146;NLEAP0_2_Utobara_Endosphere;roomie1-1;roomie1;Endosphere;Utobara
En-147;NLEAP0_3_Utobara_Endosphere;roomie1-1;roomie1;Endosphere;Utobara
En-148;NLEAP0_4_Utobara_Endosphere;roomie1-1;roomie1;Endosphere;Utobara
En-149;NLEAP0_5_Utobara_Endosphere;roomie1-1;roomie1;Endosphere;Utobara
En-150;NLEAP0_6_Utobara_Endosphere;roomie1-1;roomie1;Endosphere;Utobara
En-163;NLEAP1_1_Utobara_Endosphere;roomie1-2;roomie1;Endosphere;Utobara
En-164;NLEAP1_2_Utobara_Endosphere;roomie1-2;roomie1;Endosphere;Utobara
En-165;NLEAP1_3_Utobara_Endosphere;roomie1-2;roomie1;Endosphere;Utobara
En-166;NLEAP1_4_Utobara_Endosphere;roomie1-2;roomie1;Endosphere;Utobara
En-167;NLEAP1_5_Utobara_Endosphere;roomie1-2;roomie1;Endosphere;Utobara
En-168;NLEAP1_6_Utobara_Endosphere;roomie1-2;roomie1;Endosphere;Utobara
En-181;CFI1_1_Utobara_Endosphere;CFI1;CFI;Endosphere;Utobara
En-182;CFI1_2_Utobara_Endosphere;CFI1;CFI;Endosphere;Utobara
En-183;CFI1_3_Utobara_Endosphere;CFI1;CFI;Endosphere;Utobara
En-184;CFI1_4_Utobara_Endosphere;CFI1;CFI;Endosphere;Utobara
En-185;CFI1_5_Utobara_Endosphere;CFI1;CFI;Endosphere;Utobara
En-186;CFI1_6_Utobara_Endosphere;CFI1;CFI;Endosphere;Utobara
En-199;CFI2_1_Utobara_Endosphere;CFI2;CFI;Endosphere;Utobara
En-200;CFI2_2_Utobara_Endosphere;CFI2;CFI;Endosphere;Utobara
En-201;CFI2_3_Utobara_Endosphere;CFI2;CFI;Endosphere;Utobara
En-202;CFI2_4_Utobara_Endosphere;CFI2;CFI;Endosphere;Utobara
En-203;CFI2_5_Utobara_Endosphere;CFI2;CFI;Endosphere;Utobara
En-204;CFI2_6_Utobara_Endosphere;CFI2;CFI;Endosphere;Utobara
No-025;Gifu_1_Aso_Nodule;Gifu;Gifu;Nodule;Aso
No-026;Gifu_2_Aso_Nodule;Gifu;Gifu;Nodule;Aso
No-027;Gifu_3_Aso_Nodule;Gifu;Gifu;Nodule;Aso
No-028;Gifu_4_Aso_Nodule;Gifu;Gifu;Nodule;Aso
No-029;Gifu_5_Aso_Nodule;Gifu;Gifu;Nodule;Aso
No-030;Gifu_6_Aso_Nodule;Gifu;Gifu;Nodule;Aso
No-049;NLEAP0_1_Aso_Nodule;roomie1-1;roomie1;Nodule;Aso
No-050;NLEAP0_2_Aso_Nodule;roomie1-1;roomie1;Nodule;Aso
No-051;NLEAP0_3_Aso_Nodule;roomie1-1;roomie1;Nodule;Aso
No-052;NLEAP0_4_Aso_Nodule;roomie1-1;roomie1;Nodule;Aso
No-053;NLEAP0_5_Aso_Nodule;roomie1-1;roomie1;Nodule;Aso
No-054;NLEAP0_6_Aso_Nodule;roomie1-1;roomie1;Nodule;Aso
No-067;NLEAP1_1_Aso_Nodule;roomie1-2;roomie1;Nodule;Aso
No-068;NLEAP1_2_Aso_Nodule;roomie1-2;roomie1;Nodule;Aso
No-069;NLEAP1_3_Aso_Nodule;roomie1-2;roomie1;Nodule;Aso
No-070;NLEAP1_4_Aso_Nodule;roomie1-2;roomie1;Nodule;Aso
No-071;NLEAP1_5_Aso_Nodule;roomie1-2;roomie1;Nodule;Aso
No-072;NLEAP1_6_Aso_Nodule;roomie1-2;roomie1;Nodule;Aso
No-085;CFI1_1_Aso_Nodule;CFI1;CFI;Nodule;Aso
No-086;CFI1_2_Aso_Nodule;CFI1;CFI;Nodule;Aso
No-087;CFI1_3_Aso_Nodule;CFI1;CFI;Nodule;Aso
No-088;CFI1_4_Aso_Nodule;CFI1;CFI;Nodule;Aso
No-089;CFI1_5_Aso_Nodule;CFI1;CFI;Nodule;Aso
No-090;CFI1_6_Aso_Nodule;CFI1;CFI;Nodule;Aso
No-103;CFI2_1_Aso_Nodule;CFI2;CFI;Nodule;Aso
No-104;CFI2_2_Aso_Nodule;CFI2;CFI;Nodule;Aso
No-105;CFI2_3_Aso_Nodule;CFI2;CFI;Nodule;Aso
No-106;CFI2_4_Aso_Nodule;CFI2;CFI;Nodule;Aso
No-107;CFI2_5_Aso_Nodule;CFI2;CFI;Nodule;Aso
No-108;CFI2_6_Aso_Nodule;CFI2;CFI;Nodule;Aso
No-133;Gifu_1_Utobara_Nodule;Gifu;Gifu;Nodule;Utobara
No-134;Gifu_2_Utobara_Nodule;Gifu;Gifu;Nodule;Utobara
No-135;Gifu_3_Utobara_Nodule;Gifu;Gifu;Nodule;Utobara
No-136;Gifu_4_Utobara_Nodule;Gifu;Gifu;Nodule;Utobara
No-137;Gifu_5_Utobara_Nodule;Gifu;Gifu;Nodule;Utobara
No-138;Gifu_6_Utobara_Nodule;Gifu;Gifu;Nodule;Utobara
No-157;NLEAP0_1_Utobara_Nodule;roomie1-1;roomie1;Nodule;Utobara
No-158;NLEAP0_2_Utobara_Nodule;roomie1-1;roomie1;Nodule;Utobara
No-159;NLEAP0_3_Utobara_Nodule;roomie1-1;roomie1;Nodule;Utobara
No-160;NLEAP0_4_Utobara_Nodule;roomie1-1;roomie1;Nodule;Utobara
No-161;NLEAP0_5_Utobara_Nodule;roomie1-1;roomie1;Nodule;Utobara
No-162;NLEAP0_6_Utobara_Nodule;roomie1-1;roomie1;Nodule;Utobara
No-175;NLEAP1_1_Utobara_Nodule;roomie1-2;roomie1;Nodule;Utobara
No-176;NLEAP1_2_Utobara_Nodule;roomie1-2;roomie1;Nodule;Utobara
No-177;NLEAP1_3_Utobara_Nodule;roomie1-2;roomie1;Nodule;Utobara
No-178;NLEAP1_4_Utobara_Nodule;roomie1-2;roomie1;Nodule;Utobara
No-179;NLEAP1_5_Utobara_Nodule;roomie1-2;roomie1;Nodule;Utobara
No-180;NLEAP1_6_Utobara_Nodule;roomie1-2;roomie1;Nodule;Utobara
No-193;CFI1_1_Utobara_Nodule;CFI1;CFI;Nodule;Utobara
No-194;CFI1_2_Utobara_Nodule;CFI1;CFI;Nodule;Utobara
No-195;CFI1_3_Utobara_Nodule;CFI1;CFI;Nodule;Utobara
No-196;CFI1_4_Utobara_Nodule;CFI1;CFI;Nodule;Utobara
No-197;CFI1_5_Utobara_Nodule;CFI1;CFI;Nodule;Utobara
No-198;CFI1_6_Utobara_Nodule;CFI1;CFI;Nodule;Utobara
No-211;CFI2_1_Utobara_Nodule;CFI2;CFI;Nodule;Utobara
No-212;CFI2_2_Utobara_Nodule;CFI2;CFI;Nodule;Utobara
No-213;CFI2_3_Utobara_Nodule;CFI2;CFI;Nodule;Utobara
No-214;CFI2_4_Utobara_Nodule;CFI2;CFI;Nodule;Utobara
No-215;CFI2_5_Utobara_Nodule;CFI2;CFI;Nodule;Utobara
No-216;CFI2_6_Utobara_Nodule;CFI2;CFI;Nodule;Utobara
Rh-013;Gifu_1_Aso_Rhizosphere;Gifu;Gifu;Rhizosphere;Aso
Rh-014;Gifu_2_Aso_Rhizosphere;Gifu;Gifu;Rhizosphere;Aso
Rh-015;Gifu_3_Aso_Rhizosphere;Gifu;Gifu;Rhizosphere;Aso
Rh-016;Gifu_4_Aso_Rhizosphere;Gifu;Gifu;Rhizosphere;Aso
Rh-017;Gifu_5_Aso_Rhizosphere;Gifu;Gifu;Rhizosphere;Aso
Rh-018;Gifu_6_Aso_Rhizosphere;Gifu;Gifu;Rhizosphere;Aso
Rh-043;NLEAP0_1_Aso_Rhizosphere;roomie1-1;roomie1;Rhizosphere;Aso
Rh-044;NLEAP0_2_Aso_Rhizosphere;roomie1-1;roomie1;Rhizosphere;Aso
Rh-045;NLEAP0_3_Aso_Rhizosphere;roomie1-1;roomie1;Rhizosphere;Aso
Rh-046;NLEAP0_4_Aso_Rhizosphere;roomie1-1;roomie1;Rhizosphere;Aso
Rh-047;NLEAP0_5_Aso_Rhizosphere;roomie1-1;roomie1;Rhizosphere;Aso
Rh-048;NLEAP0_6_Aso_Rhizosphere;roomie1-1;roomie1;Rhizosphere;Aso
Rh-061;NLEAP1_1_Aso_Rhizosphere;roomie1-2;roomie1;Rhizosphere;Aso
Rh-062;NLEAP1_2_Aso_Rhizosphere;roomie1-2;roomie1;Rhizosphere;Aso
Rh-063;NLEAP1_3_Aso_Rhizosphere;roomie1-2;roomie1;Rhizosphere;Aso
Rh-064;NLEAP1_4_Aso_Rhizosphere;roomie1-2;roomie1;Rhizosphere;Aso
Rh-065;NLEAP1_5_Aso_Rhizosphere;roomie1-2;roomie1;Rhizosphere;Aso
Rh-066;NLEAP1_6_Aso_Rhizosphere;roomie1-2;roomie1;Rhizosphere;Aso
Rh-079;CFI1_1_Aso_Rhizosphere;CFI1;CFI;Rhizosphere;Aso
Rh-080;CFI1_2_Aso_Rhizosphere;CFI1;CFI;Rhizosphere;Aso
Rh-081;CFI1_3_Aso_Rhizosphere;CFI1;CFI;Rhizosphere;Aso
Rh-082;CFI1_4_Aso_Rhizosphere;CFI1;CFI;Rhizosphere;Aso
Rh-083;CFI1_5_Aso_Rhizosphere;CFI1;CFI;Rhizosphere;Aso
Rh-084;CFI1_6_Aso_Rhizosphere;CFI1;CFI;Rhizosphere;Aso
Rh-097;CFI2_1_Aso_Rhizosphere;CFI2;CFI;Rhizosphere;Aso
Rh-098;CFI2_2_Aso_Rhizosphere;CFI2;CFI;Rhizosphere;Aso
Rh-099;CFI2_3_Aso_Rhizosphere;CFI2;CFI;Rhizosphere;Aso
Rh-100;CFI2_4_Aso_Rhizosphere;CFI2;CFI;Rhizosphere;Aso
Rh-101;CFI2_5_Aso_Rhizosphere;CFI2;CFI;Rhizosphere;Aso
Rh-102;CFI2_6_Aso_Rhizosphere;CFI2;CFI;Rhizosphere;Aso
Rh-121;Gifu_1_Utobara_Rhizosphere;Gifu;Gifu;Rhizosphere;Utobara
Rh-122;Gifu_2_Utobara_Rhizosphere;Gifu;Gifu;Rhizosphere;Utobara
Rh-123;Gifu_3_Utobara_Rhizosphere;Gifu;Gifu;Rhizosphere;Utobara
Rh-124;Gifu_4_Utobara_Rhizosphere;Gifu;Gifu;Rhizosphere;Utobara
Rh-125;Gifu_5_Utobara_Rhizosphere;Gifu;Gifu;Rhizosphere;Utobara
Rh-126;Gifu_6_Utobara_Rhizosphere;Gifu;Gifu;Rhizosphere;Utobara
Rh-151;NLEAP0_1_Utobara_Rhizosphere;roomie1-1;roomie1;Rhizosphere;Utobara
Rh-152;NLEAP0_2_Utobara_Rhizosphere;roomie1-1;roomie1;Rhizosphere;Utobara
Rh-153;NLEAP0_3_Utobara_Rhizosphere;roomie1-1;roomie1;Rhizosphere;Utobara
Rh-154;NLEAP0_4_Utobara_Rhizosphere;roomie1-1;roomie1;Rhizosphere;Utobara
Rh-155;NLEAP0_5_Utobara_Rhizosphere;roomie1-1;roomie1;Rhizosphere;Utobara
Rh-156;NLEAP0_6_Utobara_Rhizosphere;roomie1-1;roomie1;Rhizosphere;Utobara
Rh-169;NLEAP1_1_Utobara_Rhizosphere;roomie1-2;roomie1;Rhizosphere;Utobara
Rh-170;NLEAP1_2_Utobara_Rhizosphere;roomie1-2;roomie1;Rhizosphere;Utobara
Rh-171;NLEAP1_3_Utobara_Rhizosphere;roomie1-2;roomie1;Rhizosphere;Utobara
Rh-172;NLEAP1_4_Utobara_Rhizosphere;roomie1-2;roomie1;Rhizosphere;Utobara
Rh-173;NLEAP1_5_Utobara_Rhizosphere;roomie1-2;roomie1;Rhizosphere;Utobara
Rh-174;NLEAP1_6_Utobara_Rhizosphere;roomie1-2;roomie1;Rhizosphere;Utobara
Rh-187;CFI1_1_Utobara_Rhizosphere;CFI1;CFI;Rhizosphere;Utobara
Rh-188;CFI1_2_Utobara_Rhizosphere;CFI1;CFI;Rhizosphere;Utobara
Rh-189;CFI1_3_Utobara_Rhizosphere;CFI1;CFI;Rhizosphere;Utobara
Rh-190;CFI1_4_Utobara_Rhizosphere;CFI1;CFI;Rhizosphere;Utobara
Rh-191;CFI1_5_Utobara_Rhizosphere;CFI1;CFI;Rhizosphere;Utobara
Rh-192;CFI1_6_Utobara_Rhizosphere;CFI1;CFI;Rhizosphere;Utobara
Rh-205;CFI2_1_Utobara_Rhizosphere;CFI2;CFI;Rhizosphere;Utobara
Rh-206;CFI2_2_Utobara_Rhizosphere;CFI2;CFI;Rhizosphere;Utobara
Rh-207;CFI2_3_Utobara_Rhizosphere;CFI2;CFI;Rhizosphere;Utobara
Rh-208;CFI2_4_Utobara_Rhizosphere;CFI2;CFI;Rhizosphere;Utobara
Rh-209;CFI2_5_Utobara_Rhizosphere;CFI2;CFI;Rhizosphere;Utobara
Rh-210;CFI2_6_Utobara_Rhizosphere;CFI2;CFI;Rhizosphere;Utobara
