Sample_ID';Sample_name;Genotype;Genotype2;Compartment;Soil;State;State2;Experiment
En-001;Gifu_1_Aso_Endosphere;Gifu;Gifu;Endosphere;Aso;Ref_Ref;Ref;LORE1
En-002;Gifu_2_Aso_Endosphere;Gifu;Gifu;Endosphere;Aso;Ref_Ref;Ref;LORE1
En-003;Gifu_3_Aso_Endosphere;Gifu;Gifu;Endosphere;Aso;Ref_Ref;Ref;LORE1
En-004;Gifu_4_Aso_Endosphere;Gifu;Gifu;Endosphere;Aso;Ref_Ref;Ref;LORE1
En-005;Gifu_5_Aso_Endosphere;Gifu;Gifu;Endosphere;Aso;Ref_Ref;Ref;LORE1
En-006;Gifu_6_Aso_Endosphere;Gifu;Gifu;Endosphere;Aso;Ref_Ref;Ref;LORE1
En-037;NLEAP0_1_Aso_Endosphere;roomie1-1;roomie1;Endosphere;Aso;roomie1-1;LORE1;LORE1
En-038;NLEAP0_2_Aso_Endosphere;roomie1-1;roomie1;Endosphere;Aso;roomie1-1;LORE1;LORE1
En-039;NLEAP0_3_Aso_Endosphere;roomie1-1;roomie1;Endosphere;Aso;roomie1-1;LORE1;LORE1
En-040;NLEAP0_4_Aso_Endosphere;roomie1-1;roomie1;Endosphere;Aso;roomie1-1;LORE1;LORE1
En-041;NLEAP0_5_Aso_Endosphere;roomie1-1;roomie1;Endosphere;Aso;roomie1-1;LORE1;LORE1
En-042;NLEAP0_6_Aso_Endosphere;roomie1-1;roomie1;Endosphere;Aso;roomie1-1;LORE1;LORE1
En-055;NLEAP1_1_Aso_Endosphere;roomie1-2;roomie1;Endosphere;Aso;roomie1-2;LORE1;LORE1
En-056;NLEAP1_2_Aso_Endosphere;roomie1-2;roomie1;Endosphere;Aso;roomie1-2;LORE1;LORE1
En-057;NLEAP1_3_Aso_Endosphere;roomie1-2;roomie1;Endosphere;Aso;roomie1-2;LORE1;LORE1
En-058;NLEAP1_4_Aso_Endosphere;roomie1-2;roomie1;Endosphere;Aso;roomie1-2;LORE1;LORE1
En-059;NLEAP1_5_Aso_Endosphere;roomie1-2;roomie1;Endosphere;Aso;roomie1-2;LORE1;LORE1
En-060;NLEAP1_6_Aso_Endosphere;roomie1-2;roomie1;Endosphere;Aso;roomie1-2;No;LORE1
En-073;CFI1_1_Aso_Endosphere;CFI1;CFI;Endosphere;Aso;No;No;LORE1
En-074;CFI1_2_Aso_Endosphere;CFI1;CFI;Endosphere;Aso;No;No;LORE1
En-075;CFI1_3_Aso_Endosphere;CFI1;CFI;Endosphere;Aso;No;No;LORE1
En-076;CFI1_4_Aso_Endosphere;CFI1;CFI;Endosphere;Aso;No;No;LORE1
En-077;CFI1_5_Aso_Endosphere;CFI1;CFI;Endosphere;Aso;No;No;LORE1
En-078;CFI1_6_Aso_Endosphere;CFI1;CFI;Endosphere;Aso;No;No;LORE1
En-091;CFI2_1_Aso_Endosphere;CFI2;CFI;Endosphere;Aso;No;No;LORE1
En-092;CFI2_2_Aso_Endosphere;CFI2;CFI;Endosphere;Aso;No;No;LORE1
En-093;CFI2_3_Aso_Endosphere;CFI2;CFI;Endosphere;Aso;No;No;LORE1
En-094;CFI2_4_Aso_Endosphere;CFI2;CFI;Endosphere;Aso;No;No;LORE1
En-095;CFI2_5_Aso_Endosphere;CFI2;CFI;Endosphere;Aso;No;No;LORE1
En-096;CFI2_6_Aso_Endosphere;CFI2;CFI;Endosphere;Aso;No;No;LORE1
En-109;Gifu_1_Utobara_Endosphere;Gifu;Gifu;Endosphere;Utobara;Ref_Ref;Ref;LORE1
En-110;Gifu_2_Utobara_Endosphere;Gifu;Gifu;Endosphere;Utobara;Ref_Ref;Ref;LORE1
En-111;Gifu_3_Utobara_Endosphere;Gifu;Gifu;Endosphere;Utobara;Ref_Ref;Ref;LORE1
En-112;Gifu_4_Utobara_Endosphere;Gifu;Gifu;Endosphere;Utobara;Ref_Ref;Ref;LORE1
En-113;Gifu_5_Utobara_Endosphere;Gifu;Gifu;Endosphere;Utobara;Ref_Ref;Ref;LORE1
En-114;Gifu_6_Utobara_Endosphere;Gifu;Gifu;Endosphere;Utobara;Ref_Ref;Ref;LORE1
En-145;NLEAP0_1_Utobara_Endosphere;roomie1-1;roomie1;Endosphere;Utobara;roomie1-1;LORE1;LORE1
En-146;NLEAP0_2_Utobara_Endosphere;roomie1-1;roomie1;Endosphere;Utobara;roomie1-1;LORE1;LORE1
En-147;NLEAP0_3_Utobara_Endosphere;roomie1-1;roomie1;Endosphere;Utobara;roomie1-1;LORE1;LORE1
En-148;NLEAP0_4_Utobara_Endosphere;roomie1-1;roomie1;Endosphere;Utobara;roomie1-1;LORE1;LORE1
En-149;NLEAP0_5_Utobara_Endosphere;roomie1-1;roomie1;Endosphere;Utobara;roomie1-1;LORE1;LORE1
En-150;NLEAP0_6_Utobara_Endosphere;roomie1-1;roomie1;Endosphere;Utobara;roomie1-1;LORE1;LORE1
En-163;NLEAP1_1_Utobara_Endosphere;roomie1-2;roomie1;Endosphere;Utobara;roomie1-2;LORE1;LORE1
En-164;NLEAP1_2_Utobara_Endosphere;roomie1-2;roomie1;Endosphere;Utobara;roomie1-2;LORE1;LORE1
En-165;NLEAP1_3_Utobara_Endosphere;roomie1-2;roomie1;Endosphere;Utobara;roomie1-2;LORE1;LORE1
En-166;NLEAP1_4_Utobara_Endosphere;roomie1-2;roomie1;Endosphere;Utobara;roomie1-2;LORE1;LORE1
En-167;NLEAP1_5_Utobara_Endosphere;roomie1-2;roomie1;Endosphere;Utobara;roomie1-2;LORE1;LORE1
En-168;NLEAP1_6_Utobara_Endosphere;roomie1-2;roomie1;Endosphere;Utobara;roomie1-2;LORE1;LORE1
En-181;CFI1_1_Utobara_Endosphere;CFI1;CFI;Endosphere;Utobara;No;No;LORE1
En-182;CFI1_2_Utobara_Endosphere;CFI1;CFI;Endosphere;Utobara;No;No;LORE1
En-183;CFI1_3_Utobara_Endosphere;CFI1;CFI;Endosphere;Utobara;No;No;LORE1
En-184;CFI1_4_Utobara_Endosphere;CFI1;CFI;Endosphere;Utobara;No;No;LORE1
En-185;CFI1_5_Utobara_Endosphere;CFI1;CFI;Endosphere;Utobara;No;No;LORE1
En-186;CFI1_6_Utobara_Endosphere;CFI1;CFI;Endosphere;Utobara;No;No;LORE1
En-199;CFI2_1_Utobara_Endosphere;CFI2;CFI;Endosphere;Utobara;No;No;LORE1
En-200;CFI2_2_Utobara_Endosphere;CFI2;CFI;Endosphere;Utobara;No;No;LORE1
En-201;CFI2_3_Utobara_Endosphere;CFI2;CFI;Endosphere;Utobara;No;No;LORE1
En-202;CFI2_4_Utobara_Endosphere;CFI2;CFI;Endosphere;Utobara;No;No;LORE1
En-203;CFI2_5_Utobara_Endosphere;CFI2;CFI;Endosphere;Utobara;No;No;LORE1
En-204;CFI2_6_Utobara_Endosphere;CFI2;CFI;Endosphere;Utobara;No;No;LORE1
No-025;Gifu_1_Aso_Nodule;Gifu;Gifu;Nodule;Aso;Ref_Ref;Ref;LORE1
No-026;Gifu_2_Aso_Nodule;Gifu;Gifu;Nodule;Aso;Ref_Ref;Ref;LORE1
No-027;Gifu_3_Aso_Nodule;Gifu;Gifu;Nodule;Aso;Ref_Ref;Ref;LORE1
No-028;Gifu_4_Aso_Nodule;Gifu;Gifu;Nodule;Aso;Ref_Ref;Ref;LORE1
No-029;Gifu_5_Aso_Nodule;Gifu;Gifu;Nodule;Aso;Ref_Ref;Ref;LORE1
No-030;Gifu_6_Aso_Nodule;Gifu;Gifu;Nodule;Aso;Ref_Ref;Ref;LORE1
No-049;NLEAP0_1_Aso_Nodule;roomie1-1;roomie1;Nodule;Aso;roomie1-1;LORE1;LORE1
No-050;NLEAP0_2_Aso_Nodule;roomie1-1;roomie1;Nodule;Aso;roomie1-1;LORE1;LORE1
No-051;NLEAP0_3_Aso_Nodule;roomie1-1;roomie1;Nodule;Aso;roomie1-1;LORE1;LORE1
No-052;NLEAP0_4_Aso_Nodule;roomie1-1;roomie1;Nodule;Aso;roomie1-1;LORE1;LORE1
No-053;NLEAP0_5_Aso_Nodule;roomie1-1;roomie1;Nodule;Aso;roomie1-1;LORE1;LORE1
No-054;NLEAP0_6_Aso_Nodule;roomie1-1;roomie1;Nodule;Aso;roomie1-1;LORE1;LORE1
No-067;NLEAP1_1_Aso_Nodule;roomie1-2;roomie1;Nodule;Aso;roomie1-2;LORE1;LORE1
No-068;NLEAP1_2_Aso_Nodule;roomie1-2;roomie1;Nodule;Aso;roomie1-2;LORE1;LORE1
No-069;NLEAP1_3_Aso_Nodule;roomie1-2;roomie1;Nodule;Aso;roomie1-2;LORE1;LORE1
No-070;NLEAP1_4_Aso_Nodule;roomie1-2;roomie1;Nodule;Aso;roomie1-2;LORE1;LORE1
No-071;NLEAP1_5_Aso_Nodule;roomie1-2;roomie1;Nodule;Aso;roomie1-2;LORE1;LORE1
No-072;NLEAP1_6_Aso_Nodule;roomie1-2;roomie1;Nodule;Aso;roomie1-2;LORE1;LORE1
No-085;CFI1_1_Aso_Nodule;CFI1;CFI;Nodule;Aso;No;No;LORE1
No-086;CFI1_2_Aso_Nodule;CFI1;CFI;Nodule;Aso;No;No;LORE1
No-087;CFI1_3_Aso_Nodule;CFI1;CFI;Nodule;Aso;No;No;LORE1
No-088;CFI1_4_Aso_Nodule;CFI1;CFI;Nodule;Aso;No;No;LORE1
No-089;CFI1_5_Aso_Nodule;CFI1;CFI;Nodule;Aso;No;No;LORE1
No-090;CFI1_6_Aso_Nodule;CFI1;CFI;Nodule;Aso;No;No;LORE1
No-103;CFI2_1_Aso_Nodule;CFI2;CFI;Nodule;Aso;No;No;LORE1
No-104;CFI2_2_Aso_Nodule;CFI2;CFI;Nodule;Aso;No;No;LORE1
No-105;CFI2_3_Aso_Nodule;CFI2;CFI;Nodule;Aso;No;No;LORE1
No-106;CFI2_4_Aso_Nodule;CFI2;CFI;Nodule;Aso;No;No;LORE1
No-107;CFI2_5_Aso_Nodule;CFI2;CFI;Nodule;Aso;No;No;LORE1
No-108;CFI2_6_Aso_Nodule;CFI2;CFI;Nodule;Aso;No;No;LORE1
No-133;Gifu_1_Utobara_Nodule;Gifu;Gifu;Nodule;Utobara;Ref_Ref;Ref;LORE1
No-134;Gifu_2_Utobara_Nodule;Gifu;Gifu;Nodule;Utobara;Ref_Ref;Ref;LORE1
No-135;Gifu_3_Utobara_Nodule;Gifu;Gifu;Nodule;Utobara;Ref_Ref;Ref;LORE1
No-136;Gifu_4_Utobara_Nodule;Gifu;Gifu;Nodule;Utobara;Ref_Ref;Ref;LORE1
No-137;Gifu_5_Utobara_Nodule;Gifu;Gifu;Nodule;Utobara;Ref_Ref;Ref;LORE1
No-138;Gifu_6_Utobara_Nodule;Gifu;Gifu;Nodule;Utobara;Ref_Ref;Ref;LORE1
No-157;NLEAP0_1_Utobara_Nodule;roomie1-1;roomie1;Nodule;Utobara;roomie1-1;LORE1;LORE1
No-158;NLEAP0_2_Utobara_Nodule;roomie1-1;roomie1;Nodule;Utobara;roomie1-1;LORE1;LORE1
No-159;NLEAP0_3_Utobara_Nodule;roomie1-1;roomie1;Nodule;Utobara;roomie1-1;LORE1;LORE1
No-160;NLEAP0_4_Utobara_Nodule;roomie1-1;roomie1;Nodule;Utobara;roomie1-1;LORE1;LORE1
No-161;NLEAP0_5_Utobara_Nodule;roomie1-1;roomie1;Nodule;Utobara;roomie1-1;LORE1;LORE1
No-162;NLEAP0_6_Utobara_Nodule;roomie1-1;roomie1;Nodule;Utobara;roomie1-1;LORE1;LORE1
No-175;NLEAP1_1_Utobara_Nodule;roomie1-2;roomie1;Nodule;Utobara;roomie1-2;LORE1;LORE1
No-176;NLEAP1_2_Utobara_Nodule;roomie1-2;roomie1;Nodule;Utobara;roomie1-2;LORE1;LORE1
No-177;NLEAP1_3_Utobara_Nodule;roomie1-2;roomie1;Nodule;Utobara;roomie1-2;LORE1;LORE1
No-178;NLEAP1_4_Utobara_Nodule;roomie1-2;roomie1;Nodule;Utobara;roomie1-2;LORE1;LORE1
No-179;NLEAP1_5_Utobara_Nodule;roomie1-2;roomie1;Nodule;Utobara;roomie1-2;LORE1;LORE1
No-180;NLEAP1_6_Utobara_Nodule;roomie1-2;roomie1;Nodule;Utobara;roomie1-2;LORE1;LORE1
No-193;CFI1_1_Utobara_Nodule;CFI1;CFI;Nodule;Utobara;No;No;LORE1
No-194;CFI1_2_Utobara_Nodule;CFI1;CFI;Nodule;Utobara;No;No;LORE1
No-195;CFI1_3_Utobara_Nodule;CFI1;CFI;Nodule;Utobara;No;No;LORE1
No-196;CFI1_4_Utobara_Nodule;CFI1;CFI;Nodule;Utobara;No;No;LORE1
No-197;CFI1_5_Utobara_Nodule;CFI1;CFI;Nodule;Utobara;No;No;LORE1
No-198;CFI1_6_Utobara_Nodule;CFI1;CFI;Nodule;Utobara;No;No;LORE1
No-211;CFI2_1_Utobara_Nodule;CFI2;CFI;Nodule;Utobara;No;No;LORE1
No-212;CFI2_2_Utobara_Nodule;CFI2;CFI;Nodule;Utobara;No;No;LORE1
No-213;CFI2_3_Utobara_Nodule;CFI2;CFI;Nodule;Utobara;No;No;LORE1
No-214;CFI2_4_Utobara_Nodule;CFI2;CFI;Nodule;Utobara;No;No;LORE1
No-215;CFI2_5_Utobara_Nodule;CFI2;CFI;Nodule;Utobara;No;No;LORE1
No-216;CFI2_6_Utobara_Nodule;CFI2;CFI;Nodule;Utobara;No;No;LORE1
Rh-013;Gifu_1_Aso_Rhizosphere;Gifu;Gifu;Rhizosphere;Aso;Ref_Ref;Ref;LORE1
Rh-014;Gifu_2_Aso_Rhizosphere;Gifu;Gifu;Rhizosphere;Aso;Ref_Ref;Ref;LORE1
Rh-015;Gifu_3_Aso_Rhizosphere;Gifu;Gifu;Rhizosphere;Aso;Ref_Ref;Ref;LORE1
Rh-016;Gifu_4_Aso_Rhizosphere;Gifu;Gifu;Rhizosphere;Aso;Ref_Ref;Ref;LORE1
Rh-017;Gifu_5_Aso_Rhizosphere;Gifu;Gifu;Rhizosphere;Aso;Ref_Ref;Ref;LORE1
Rh-018;Gifu_6_Aso_Rhizosphere;Gifu;Gifu;Rhizosphere;Aso;Ref_Ref;Ref;LORE1
Rh-043;NLEAP0_1_Aso_Rhizosphere;roomie1-1;roomie1;Rhizosphere;Aso;roomie1-1;LORE1;LORE1
Rh-044;NLEAP0_2_Aso_Rhizosphere;roomie1-1;roomie1;Rhizosphere;Aso;roomie1-1;LORE1;LORE1
Rh-045;NLEAP0_3_Aso_Rhizosphere;roomie1-1;roomie1;Rhizosphere;Aso;roomie1-1;LORE1;LORE1
Rh-046;NLEAP0_4_Aso_Rhizosphere;roomie1-1;roomie1;Rhizosphere;Aso;roomie1-1;LORE1;LORE1
Rh-047;NLEAP0_5_Aso_Rhizosphere;roomie1-1;roomie1;Rhizosphere;Aso;roomie1-1;LORE1;LORE1
Rh-048;NLEAP0_6_Aso_Rhizosphere;roomie1-1;roomie1;Rhizosphere;Aso;roomie1-1;LORE1;LORE1
Rh-061;NLEAP1_1_Aso_Rhizosphere;roomie1-2;roomie1;Rhizosphere;Aso;roomie1-2;LORE1;LORE1
Rh-062;NLEAP1_2_Aso_Rhizosphere;roomie1-2;roomie1;Rhizosphere;Aso;roomie1-2;LORE1;LORE1
Rh-063;NLEAP1_3_Aso_Rhizosphere;roomie1-2;roomie1;Rhizosphere;Aso;roomie1-2;LORE1;LORE1
Rh-064;NLEAP1_4_Aso_Rhizosphere;roomie1-2;roomie1;Rhizosphere;Aso;roomie1-2;LORE1;LORE1
Rh-065;NLEAP1_5_Aso_Rhizosphere;roomie1-2;roomie1;Rhizosphere;Aso;roomie1-2;LORE1;LORE1
Rh-066;NLEAP1_6_Aso_Rhizosphere;roomie1-2;roomie1;Rhizosphere;Aso;roomie1-2;LORE1;LORE1
Rh-079;CFI1_1_Aso_Rhizosphere;CFI1;CFI;Rhizosphere;Aso;No;No;LORE1
Rh-080;CFI1_2_Aso_Rhizosphere;CFI1;CFI;Rhizosphere;Aso;No;No;LORE1
Rh-081;CFI1_3_Aso_Rhizosphere;CFI1;CFI;Rhizosphere;Aso;No;No;LORE1
Rh-082;CFI1_4_Aso_Rhizosphere;CFI1;CFI;Rhizosphere;Aso;No;No;LORE1
Rh-083;CFI1_5_Aso_Rhizosphere;CFI1;CFI;Rhizosphere;Aso;No;No;LORE1
Rh-084;CFI1_6_Aso_Rhizosphere;CFI1;CFI;Rhizosphere;Aso;No;No;LORE1
Rh-097;CFI2_1_Aso_Rhizosphere;CFI2;CFI;Rhizosphere;Aso;No;No;LORE1
Rh-098;CFI2_2_Aso_Rhizosphere;CFI2;CFI;Rhizosphere;Aso;No;No;LORE1
Rh-099;CFI2_3_Aso_Rhizosphere;CFI2;CFI;Rhizosphere;Aso;No;No;LORE1
Rh-100;CFI2_4_Aso_Rhizosphere;CFI2;CFI;Rhizosphere;Aso;No;No;LORE1
Rh-101;CFI2_5_Aso_Rhizosphere;CFI2;CFI;Rhizosphere;Aso;No;No;LORE1
Rh-102;CFI2_6_Aso_Rhizosphere;CFI2;CFI;Rhizosphere;Aso;No;No;LORE1
Rh-121;Gifu_1_Utobara_Rhizosphere;Gifu;Gifu;Rhizosphere;Utobara;Ref_Ref;Ref;LORE1
Rh-122;Gifu_2_Utobara_Rhizosphere;Gifu;Gifu;Rhizosphere;Utobara;Ref_Ref;Ref;LORE1
Rh-123;Gifu_3_Utobara_Rhizosphere;Gifu;Gifu;Rhizosphere;Utobara;Ref_Ref;Ref;LORE1
Rh-124;Gifu_4_Utobara_Rhizosphere;Gifu;Gifu;Rhizosphere;Utobara;Ref_Ref;Ref;LORE1
Rh-125;Gifu_5_Utobara_Rhizosphere;Gifu;Gifu;Rhizosphere;Utobara;Ref_Ref;Ref;LORE1
Rh-126;Gifu_6_Utobara_Rhizosphere;Gifu;Gifu;Rhizosphere;Utobara;Ref_Ref;Ref;LORE1
Rh-151;NLEAP0_1_Utobara_Rhizosphere;roomie1-1;roomie1;Rhizosphere;Utobara;roomie1-1;LORE1;LORE1
Rh-152;NLEAP0_2_Utobara_Rhizosphere;roomie1-1;roomie1;Rhizosphere;Utobara;roomie1-1;LORE1;LORE1
Rh-153;NLEAP0_3_Utobara_Rhizosphere;roomie1-1;roomie1;Rhizosphere;Utobara;roomie1-1;LORE1;LORE1
Rh-154;NLEAP0_4_Utobara_Rhizosphere;roomie1-1;roomie1;Rhizosphere;Utobara;roomie1-1;LORE1;LORE1
Rh-155;NLEAP0_5_Utobara_Rhizosphere;roomie1-1;roomie1;Rhizosphere;Utobara;roomie1-1;LORE1;LORE1
Rh-156;NLEAP0_6_Utobara_Rhizosphere;roomie1-1;roomie1;Rhizosphere;Utobara;roomie1-1;LORE1;LORE1
Rh-169;NLEAP1_1_Utobara_Rhizosphere;roomie1-2;roomie1;Rhizosphere;Utobara;roomie1-2;LORE1;LORE1
Rh-170;NLEAP1_2_Utobara_Rhizosphere;roomie1-2;roomie1;Rhizosphere;Utobara;roomie1-2;LORE1;LORE1
Rh-171;NLEAP1_3_Utobara_Rhizosphere;roomie1-2;roomie1;Rhizosphere;Utobara;roomie1-2;LORE1;LORE1
Rh-172;NLEAP1_4_Utobara_Rhizosphere;roomie1-2;roomie1;Rhizosphere;Utobara;roomie1-2;LORE1;LORE1
Rh-173;NLEAP1_5_Utobara_Rhizosphere;roomie1-2;roomie1;Rhizosphere;Utobara;roomie1-2;LORE1;LORE1
Rh-174;NLEAP1_6_Utobara_Rhizosphere;roomie1-2;roomie1;Rhizosphere;Utobara;roomie1-2;LORE1;LORE1
Rh-187;CFI1_1_Utobara_Rhizosphere;CFI1;CFI;Rhizosphere;Utobara;No;No;LORE1
Rh-188;CFI1_2_Utobara_Rhizosphere;CFI1;CFI;Rhizosphere;Utobara;No;No;LORE1
Rh-189;CFI1_3_Utobara_Rhizosphere;CFI1;CFI;Rhizosphere;Utobara;No;No;LORE1
Rh-190;CFI1_4_Utobara_Rhizosphere;CFI1;CFI;Rhizosphere;Utobara;No;No;LORE1
Rh-191;CFI1_5_Utobara_Rhizosphere;CFI1;CFI;Rhizosphere;Utobara;No;No;LORE1
Rh-192;CFI1_6_Utobara_Rhizosphere;CFI1;CFI;Rhizosphere;Utobara;No;No;LORE1
Rh-205;CFI2_1_Utobara_Rhizosphere;CFI2;CFI;Rhizosphere;Utobara;No;No;LORE1
Rh-206;CFI2_2_Utobara_Rhizosphere;CFI2;CFI;Rhizosphere;Utobara;No;No;LORE1
Rh-207;CFI2_3_Utobara_Rhizosphere;CFI2;CFI;Rhizosphere;Utobara;No;No;LORE1
Rh-208;CFI2_4_Utobara_Rhizosphere;CFI2;CFI;Rhizosphere;Utobara;No;No;LORE1
Rh-209;CFI2_5_Utobara_Rhizosphere;CFI2;CFI;Rhizosphere;Utobara;No;No;LORE1
Rh-210;CFI2_6_Utobara_Rhizosphere;CFI2;CFI;Rhizosphere;Utobara;No;No;LORE1
En-25;UBS02_1_Endosphere;UBS02;UBS02;Endosphere;Utobara;Ref_Alt;Alt;HAPLOTYPE
En-26;UBS02_2_Endosphere;UBS02;UBS02;Endosphere;Utobara;Ref_Alt;Alt;HAPLOTYPE
En-27;UBS02_3_Endosphere;UBS02;UBS02;Endosphere;Utobara;Ref_Alt;Alt;HAPLOTYPE
En-28;UBS02_4_Endosphere;UBS02;UBS02;Endosphere;Utobara;Ref_Alt;Alt;HAPLOTYPE
Rh-29;UBS02_1_Rhizosphere;UBS02;UBS02;Rhizosphere;Utobara;Ref_Alt;Alt;HAPLOTYPE
Rh-30;UBS02_2_Rhizosphere;UBS02;UBS02;Rhizosphere;Utobara;Ref_Alt;Alt;HAPLOTYPE
Rh-31;UBS02_3_Rhizosphere;UBS02;UBS02;Rhizosphere;Utobara;Ref_Alt;Alt;HAPLOTYPE
Rh-32;UBS02_4_Rhizosphere;UBS02;UBS02;Rhizosphere;Utobara;Ref_Alt;Alt;HAPLOTYPE
No-33;UBS02_1_Nodule;UBS02;UBS02;Nodule;Utobara;Ref_Alt;Alt;HAPLOTYPE
No-34;UBS02_2_Nodule;UBS02;UBS02;Nodule;Utobara;Ref_Alt;Alt;HAPLOTYPE
No-35;UBS02_3_Nodule;UBS02;UBS02;Nodule;Utobara;Ref_Alt;Alt;HAPLOTYPE
No-36;UBS02_4_Nodule;UBS02;UBS02;Nodule;Utobara;Ref_Alt;Alt;HAPLOTYPE
En-37;UCS04_1_Endosphere;UCS04;UCS04;Endosphere;Utobara;Ref_Alt;Alt;HAPLOTYPE
En-38;UCS04_2_Endosphere;UCS04;UCS04;Endosphere;Utobara;Ref_Alt;Alt;HAPLOTYPE
En-39;UCS04_3_Endosphere;UCS04;UCS04;Endosphere;Utobara;Ref_Alt;Alt;HAPLOTYPE
En-40;UCS04_4_Endosphere;UCS04;UCS04;Endosphere;Utobara;Ref_Alt;Alt;HAPLOTYPE
Rh-41;UCS04_1_Rhizosphere;UCS04;UCS04;Rhizosphere;Utobara;Ref_Alt;Alt;HAPLOTYPE
Rh-42;UCS04_2_Rhizosphere;UCS04;UCS04;Rhizosphere;Utobara;Ref_Alt;Alt;HAPLOTYPE
Rh-43;UCS04_3_Rhizosphere;UCS04;UCS04;Rhizosphere;Utobara;Ref_Alt;Alt;HAPLOTYPE
Rh-44;UCS04_4_Rhizosphere;UCS04;UCS04;Rhizosphere;Utobara;Ref_Alt;Alt;HAPLOTYPE
No-45;UCS04_1_Nodule;UCS04;UCS04;Nodule;Utobara;Ref_Alt;Alt;HAPLOTYPE
No-46;UCS04_2_Nodule;UCS04;UCS04;Nodule;Utobara;Ref_Alt;Alt;HAPLOTYPE
No-47;UCS04_3_Nodule;UCS04;UCS04;Nodule;Utobara;Ref_Alt;Alt;HAPLOTYPE
No-48;UCS04_4_Nodule;UCS04;UCS04;Nodule;Utobara;Ref_Alt;Alt;HAPLOTYPE
En-49;UDS03_1_Endosphere;UDS03;UDS03;Endosphere;Utobara;Ref_Alt;Alt;HAPLOTYPE
En-50;UDS03_2_Endosphere;UDS03;UDS03;Endosphere;Utobara;Ref_Alt;Alt;HAPLOTYPE
En-51;UDS03_3_Endosphere;UDS03;UDS03;Endosphere;Utobara;Ref_Alt;Alt;HAPLOTYPE
En-52;UDS03_4_Endosphere;UDS03;UDS03;Endosphere;Utobara;Ref_Alt;Alt;HAPLOTYPE
Rh-53;UDS03_1_Rhizosphere;UDS03;UDS03;Rhizosphere;Utobara;Ref_Alt;Alt;HAPLOTYPE
Rh-54;UDS03_2_Rhizosphere;UDS03;UDS03;Rhizosphere;Utobara;Ref_Alt;Alt;HAPLOTYPE
Rh-55;UDS03_3_Rhizosphere;UDS03;UDS03;Rhizosphere;Utobara;Ref_Alt;Alt;HAPLOTYPE
Rh-56;UDS03_4_Rhizosphere;UDS03;UDS03;Rhizosphere;Utobara;Ref_Alt;Alt;HAPLOTYPE
No-57;UDS03_1_Nodule;UDS03;UDS03;Nodule;Utobara;Ref_Alt;Alt;HAPLOTYPE
No-58;UDS03_2_Nodule;UDS03;UDS03;Nodule;Utobara;Ref_Alt;Alt;HAPLOTYPE
No-59;UDS03_3_Nodule;UDS03;UDS03;Nodule;Utobara;Ref_Alt;Alt;HAPLOTYPE
No-60;UDS03_4_Nodule;UDS03;UDS03;Nodule;Utobara;Ref_Alt;Alt;HAPLOTYPE
En-61;UAS01_1_Endosphere;UAS01;UAS01;Endosphere;Utobara;Alt_Ref;Alt;HAPLOTYPE
En-62;UAS01_2_Endosphere;UAS01;UAS01;Endosphere;Utobara;Alt_Ref;Alt;HAPLOTYPE
En-63;UAS01_3_Endosphere;UAS01;UAS01;Endosphere;Utobara;Alt_Ref;Alt;HAPLOTYPE
En-64;UAS01_4_Endosphere;UAS01;UAS01;Endosphere;Utobara;Alt_Ref;Alt;HAPLOTYPE
Rh-65;UAS01_1_Rhizosphere;UAS01;UAS01;Rhizosphere;Utobara;Alt_Ref;Alt;HAPLOTYPE
Rh-66;UAS01_2_Rhizosphere;UAS01;UAS01;Rhizosphere;Utobara;Alt_Ref;Alt;HAPLOTYPE
Rh-67;UAS01_3_Rhizosphere;UAS01;UAS01;Rhizosphere;Utobara;Alt_Ref;Alt;HAPLOTYPE
Rh-68;UAS01_4_Rhizosphere;UAS01;UAS01;Rhizosphere;Utobara;Alt_Ref;Alt;HAPLOTYPE
No-69;UAS01_1_Nodule;UAS01;UAS01;Nodule;Utobara;Alt_Ref;Alt;HAPLOTYPE
No-70;UAS01_2_Nodule;UAS01;UAS01;Nodule;Utobara;Alt_Ref;Alt;HAPLOTYPE
No-71;UAS01_3_Nodule;UAS01;UAS01;Nodule;Utobara;Alt_Ref;Alt;HAPLOTYPE
No-72;UAS01_4_Nodule;UAS01;UAS01;Nodule;Utobara;Alt_Ref;Alt;HAPLOTYPE
En-73;UCS03_1_Endosphere;UCS03;UCS03;Endosphere;Utobara;Alt_Ref;Alt;HAPLOTYPE
En-74;UCS03_2_Endosphere;UCS03;UCS03;Endosphere;Utobara;Alt_Ref;Alt;HAPLOTYPE
En-75;UCS03_3_Endosphere;UCS03;UCS03;Endosphere;Utobara;Alt_Ref;Alt;HAPLOTYPE
En-76;UCS03_4_Endosphere;UCS03;UCS03;Endosphere;Utobara;Alt_Ref;Alt;HAPLOTYPE
Rh-77;UCS03_1_Rhizosphere;UCS03;UCS03;Rhizosphere;Utobara;Alt_Ref;Alt;HAPLOTYPE
Rh-78;UCS03_2_Rhizosphere;UCS03;UCS03;Rhizosphere;Utobara;Alt_Ref;Alt;HAPLOTYPE
Rh-79;UCS03_3_Rhizosphere;UCS03;UCS03;Rhizosphere;Utobara;Alt_Ref;Alt;HAPLOTYPE
Rh-80;UCS03_4_Rhizosphere;UCS03;UCS03;Rhizosphere;Utobara;Alt_Ref;Alt;HAPLOTYPE
No-81;UCS03_1_Nodule;UCS03;UCS03;Nodule;Utobara;Alt_Ref;Alt;HAPLOTYPE
No-82;UCS03_2_Nodule;UCS03;UCS03;Nodule;Utobara;Alt_Ref;Alt;HAPLOTYPE
No-83;UCS03_3_Nodule;UCS03;UCS03;Nodule;Utobara;Alt_Ref;Alt;HAPLOTYPE
No-84;UCS03_4_Nodule;UCS03;UCS03;Nodule;Utobara;Alt_Ref;Alt;HAPLOTYPE
En-85;UCS01_1_Endosphere;UCS01;UCS01;Endosphere;Utobara;Alt_Ref;Alt;HAPLOTYPE
En-86;UCS01_2_Endosphere;UCS01;UCS01;Endosphere;Utobara;Alt_Ref;Alt;HAPLOTYPE
En-87;UCS01_3_Endosphere;UCS01;UCS01;Endosphere;Utobara;Alt_Ref;Alt;HAPLOTYPE
En-88;UCS01_4_Endosphere;UCS01;UCS01;Endosphere;Utobara;Alt_Ref;Alt;HAPLOTYPE
Rh-89;UCS01_1_Rhizosphere;UCS01;UCS01;Rhizosphere;Utobara;Alt_Ref;Alt;HAPLOTYPE
Rh-90;UCS01_2_Rhizosphere;UCS01;UCS01;Rhizosphere;Utobara;Alt_Ref;Alt;HAPLOTYPE
Rh-91;UCS01_3_Rhizosphere;UCS01;UCS01;Rhizosphere;Utobara;Alt_Ref;Alt;HAPLOTYPE
Rh-92;UCS01_4_Rhizosphere;UCS01;UCS01;Rhizosphere;Utobara;Alt_Ref;Alt;HAPLOTYPE
No-93;UCS01_1_Nodule;UCS01;UCS01;Nodule;Utobara;Alt_Ref;Alt;HAPLOTYPE
No-94;UCS01_2_Nodule;UCS01;UCS01;Nodule;Utobara;Alt_Ref;Alt;HAPLOTYPE
No-95;UCS01_3_Nodule;UCS01;UCS01;Nodule;Utobara;Alt_Ref;Alt;HAPLOTYPE
No-96;UCS01_4_Nodule;UCS01;UCS01;Nodule;Utobara;Alt_Ref;Alt;HAPLOTYPE
En-Gifu1;Gifu_1_Endosphere;Gifu;Gifu;Endosphere;Utobara;Ref_Ref;Ref;HAPLOTYPE
En-Gifu2;Gifu_2_Endosphere;Gifu;Gifu;Endosphere;Utobara;Ref_Ref;Ref;HAPLOTYPE
En-Gifu3;Gifu_3_Endosphere;Gifu;Gifu;Endosphere;Utobara;Ref_Ref;Ref;HAPLOTYPE
En-Gifu4;Gifu_4_Endosphere;Gifu;Gifu;Endosphere;Utobara;Ref_Ref;Ref;HAPLOTYPE
No-Gifu1;Gifu_1_Rhizosphere;Gifu;Gifu;Nodule;Utobara;Ref_Ref;Ref;HAPLOTYPE
No-Gifu2;Gifu_2_Rhizosphere;Gifu;Gifu;Nodule;Utobara;Ref_Ref;Ref;HAPLOTYPE
No-Gifu3;Gifu_3_Rhizosphere;Gifu;Gifu;Nodule;Utobara;Ref_Ref;Ref;HAPLOTYPE
No-Gifu4;Gifu_4_Rhizosphere;Gifu;Gifu;Nodule;Utobara;Ref_Ref;Ref;HAPLOTYPE
Rh-Gifu1;Gifu_1_Nodule;Gifu;Gifu;Rhizosphere;Utobara;Ref_Ref;Ref;HAPLOTYPE
Rh-Gifu2;Gifu_2_Nodule;Gifu;Gifu;Rhizosphere;Utobara;Ref_Ref;Ref;HAPLOTYPE
Rh-Gifu3;Gifu_3_Nodule;Gifu;Gifu;Rhizosphere;Utobara;Ref_Ref;Ref;HAPLOTYPE
Rh-Gifu4;Gifu_4_Nodule;Gifu;Gifu;Rhizosphere;Utobara;Ref_Ref;Ref;HAPLOTYPE
