,Achromobacter,Acidiferrobacter,Acidipila,Acidisphaera,Acidobacterium,Acidovorax,Actinoallomurus,Actinocorallia,Actinokineospora,Actinomadura,Actinophytocola,Actinoplanes,Actinospica,Actinotalea,Adhaeribacter,Advenella,Aeromicrobium,Afifella,Afipia,Aggregicoccus,Agrobacterium,Agromyces,Albidiferax,Allokutzneria,Alsobacter,Altererythrobacter,Amaricoccus,Ammoniphilus,Amnibacterium,Amphiplicatus,Amycolatopsis,Anaeromyxobacter,Anaplasma,Ancalomicrobium,Ancylobacter,Aneurinibacillus,Angustibacter,Aquabacterium,Aquamicrobium,Aquicella,Aquihabitans,Aquimonas,Aquincola,Aquisphaera,Archangium,Arenimonas,Aridibacter,Arthrobacter,Asticcacaulis,Azoarcus,Azohydromonas,Azomonas,Azonexus,Azospira,Azospirillum,Azotobacter,Bacillus,Bacteriovorax,Bauldia,Bdellovibrio,Belnapia,Bhargavaea,Blastocatella,Blastococcus,Blastopirellula,Bosea,Bradyrhizobium,Brevibacillus,Brevundimonas,Bryobacter,Burkholderia,Byssovorax,Ca.Caedibacter,Ca.Glomeribacter,Caenimonas,Carnobacterium,Catellatospora,Catelliglobosispora,Catenulispora,Catenuloplanes,Caulobacter,Cellulomonas,Cellvibrio,Chelativorans,Chelatococcus,Chitinimonas,Chitinophaga,Chryseobacterium,Citrobacter,Clostridium,Cnuella,Cohnella,Collimonas,Conexibacter,Coxiella,Craurococcus,Crenobacter,Cryptosporangium,Cupriavidus,Curtobacterium,Curvibacter,Cystobacter,Cytophaga,Dactylosporangium,Dechloromonas,Defluviimonas,Deinococcus,Delftia,Denitratisoma,Desulfobacca,Desulfoglaeba,Desulfosporosinus,Devosia,Diaphorobacter,Diplorickettsia,Dokdonella,Dongia,Duganella,Dyadobacter,Edaphobacter,Effusibacillus,Elusimicrobium,Ensifer,Enterobacter,Enterococcus,Falsibacillus,Ferribacterium,Ferritrophicum,Ferrovibrio,Ferruginibacter,Fervidicella,Fictibacillus,Filimonas,Fimbriimonas,Flavisolibacter,Flavitalea,Flavobacterium,Fontimonas,Frankia,Frigoribacterium,Gaiella,Gallionella,Geminicoccus,Gemmata,Gemmatimonas,Geobacter,Geodermatophilus,Georgfuchsia,Gracilibacter,Granulicella,Haliangium,Haliscomenobacter,Halobacteriovorax,Hamadaea,Heliimonas,Herbaspirillum,Herbidospora,Herpetosiphon,Hoeflea,Hoyosella,Humibacillus,Hyalangium,Hydrocarboniphaga,Hydrogenophaga,Hyphomicrobium,Iamia,Ideonella,Ignavibacterium,Ilumatobacter,Inhella,Inquilinus,Intrasporangium,Jahnella,Janthinobacterium,Jatrophihabitans,Kaistia,Kallotenue,Kibdelosporangium,Kineosporia,Kinneretia,Kitasatospora,Kluyvera,Knoellia,Kofleria,Kribbella,Ktedonobacter,Kutzneria,Labilithrix,Labrys,Lacibacter,Lacibacterium,Larkinella,Lautropia,Lechevalieria,Leeia,Leifsonia,Lentzea,Leptonema,Leptothrix,Limnobacter,Limnohabitans,Litorilinea,Luedemannella,Luteibacter,Luteimonas,Luteolibacter,Lysinibacillus,Lysinimonas,Lysobacter,Magnetospirillum,Marmoricola,Massilia,Melioribacter,Mesorhizobium,Methylibium,Methylobacillus,Methylobacterium,Methylocapsa,Methyloceanibacter,Methylophilus,Methylosinus,Methylotenera,Methylovirgula,Methylovorus,Microbacterium,Micromonospora,Microvirga,Millisia,Minicystis,Mitsuaria,Mizugakiibacter,Mobilitalea,Modestobacter,Mucilaginibacter,Mycobacterium,Mycoplana,Myxococcus,Nakamurella,Nannocystis,Neochlamydia,Neorhizobium,Niastella,Nitratireductor,Nitrobacter,Nitrolancea,Nitrosomonas,Nitrosospira,Nitrospira,Nitrospirillum,Nocardioides,NotAssigned,Noviherbaspirillum,Novosphingobium,Oceanibaculum,Oleomonas,Oligoflexus,Oligotropha,Opitutus,Orientia,Ornithinimicrobium,Oryzihumus,Oscillochloris,Ottowia,Owenweeksia,Oxalicibacterium,Oxalobacter,Paenibacillus,Panacagrimonas,Pandoraea,Pantoea,Parablastomonas,Parachlamydia,Parafilimonas,Parasegetibacter,Parvibaculum,Paucibacter,Paucimonas,Pedobacter,Pedomicrobium,Pelobacter,Pelomonas,Peredibacter,Permianibacter,Phaselicystis,Phenylobacterium,Phreatobacter,Phycicoccus,Phycisphaera,Phyllobacterium,Phytohabitans,Pilimelia,Pirellula,Piscinibacter,Planctopirus,Planococcus,Planosporangium,Plantactinospora,Plasticicumulans,Pleomorphomonas,Polaromonas,Polyangium,Polymorphospora,Povalibacter,Propionicimonas,Propionivibrio,Prosthecobacter,Prosthecomicrobium,Pseudobacteriovorax,Pseudoduganella,Pseudogulbenkiania,Pseudolabrys,Pseudomonas,Pseudonocardia,Pseudorhodoferax,Pseudosporangium,Pseudoxanthomonas,Ralstonia,Ramlibacter,Raoultella,Reyranella,Rhizobacter,Rhizobium,Rhizocola,Rhizomicrobium,Rhizorhabdus,Rhizorhapis,Rhodanobacter,Rhodobacter,Rhodoblastus,Rhodococcus,Rhodocytophaga,Rhodoferax,Rhodomicrobium,Rhodopila,Rhodoplanes,Rhodopseudomonas,Rickettsia,Roseateles,Roseiarcus,Roseiflexus,Roseimicrobium,Roseococcus,Roseomonas,Rubellimicrobium,Rubrivirga,Rubrivivax,Rudaea,Rugosimonospora,Saccharococcus,Sandaracinus,Schlegelella,Schlesneria,Sediminibacterium,Shimazuella,Shinella,Simplicispira,Sinorhizobium,Skermanella,Solimonas,Solirubrobacter,Solitalea,Sorangium,Sphaerisporangium,Sphaerotilus,Sphingobium,Sphingomonas,Sphingopyxis,Sphingorhabdus,Sphingosinicella,Sporichthya,Sporobacter,Sporocytophaga,Staphylococcus,Starkeya,Stella,Stenotrophomonas,Steroidobacter,Sterolibacterium,Streptacidiphilus,Streptomyces,Streptosporangium,Sulfuricurvum,Sulfuritalea,Symbiobacterium,Tahibacter,Taonella,Tardiphaga,Telmatospirillum,Tepidisphaera,Terrabacter,Terriglobus,Terrimicrobium,Terrimonas,Tetrasphaera,Thauera,Thermoflexus,Thermogutta,Thermoleophilum,Thermomonas,Thermosporothrix,Thiobacillus,Thiobacter,Tumebacillus,Turneriella,Uliginosibacterium,Undibacterium,Vampirovibrio,Variibacter,Variovorax,Vasilyevaea,Verrucosispora,Virgisporangium,Vogesella,Vulgatibacter,Williamsia,Xenophilus,Xylophilus,Zavarzinella,Zhizhongheella
En-25,24,0,2,0,0,31,0,5,0,3,0,13,0,0,0,0,0,0,3,1,0,0,0,0,14,1,0,0,0,0,2,2,2,0,0,0,0,34,0,0,0,0,5,0,0,1,1,0,117,0,53,16,0,0,58,0,6,1,1,64,1,0,1,0,0,21,1077,0,38,0,85,3,2,3,3,2,0,0,3,0,654,0,7,0,1,0,0,11,0,2,0,0,0,0,29,0,0,0,19,32,58,0,0,6,0,0,0,0,0,0,0,0,68,0,1,5,125,259,0,6,0,0,0,0,0,0,0,0,0,0,0,7,1,0,4,0,0,0,1393,1,4,0,0,9,27,0,0,0,0,0,1,0,0,0,0,421,0,0,2,0,0,0,11,14,129,0,140,0,1,0,0,0,0,2,0,1,0,1,1,0,0,0,0,9,0,1,0,126,31,0,8,0,1,3,0,0,0,0,53,0,0,0,0,7,0,0,0,0,1,2,3,118,0,208,3,0,4,0,0,305,0,0,0,0,0,0,1,0,0,102,0,0,0,0,0,0,0,0,1,0,35,164,0,0,0,1,0,0,0,1,17331,11,1456,0,0,0,0,36,4,0,0,3,0,0,3,0,3,1,0,67,0,4,0,0,0,0,0,0,9,0,684,0,0,0,4264,0,0,0,0,0,0,4,0,0,0,0,0,0,3,0,0,0,2,0,0,2,1,1,4,0,8,0,2,0,3,0,3,68,0,13,623,222,0,32,3,0,0,0,0,0,0,11,0,0,6,2,0,6,1,0,0,0,0,0,0,1,7,0,213,3,0,0,0,0,23,0,0,0,0,0,0,0,0,1,23,360,0,0,0,1,0,1,0,0,0,0,10,0,0,1012,0,0,3,0,2,0,56,0,4,0,72,0,0,0,0,0,0,0,0,2,4,0,0,0,0,0,3,10,19,2,0,0,0,0,1,0,25,0,0
En-26,10,0,51,0,0,16,0,6,0,2,0,29,0,0,0,0,0,0,2,0,0,0,1,0,27,0,0,0,0,0,1,3,2,1,0,0,0,25,0,1,2,0,1,0,0,5,4,0,206,4,272,7,44,0,167,0,13,0,0,52,0,0,1,0,0,15,1171,0,48,0,42,1,0,2,0,1,0,0,0,0,422,1,9,0,0,0,2,3,0,14,0,0,0,1,8,0,0,0,13,26,91,0,3,20,0,0,0,0,3,2,0,0,71,0,0,4,98,169,1,8,0,1,0,0,0,0,0,0,0,0,0,4,0,0,10,0,0,0,2395,0,6,0,0,9,72,8,0,0,0,0,2,0,1,4,0,521,0,1,0,0,0,0,10,0,82,0,155,0,1,0,0,1,0,0,0,1,0,0,1,0,0,1,0,2,1,0,0,122,23,0,2,0,0,1,0,0,0,0,12,0,11,0,0,0,0,0,0,0,0,2,5,98,0,133,1,0,12,0,0,174,0,0,0,0,2,1,8,1,2,102,0,0,0,0,0,0,0,0,9,0,4,321,0,0,0,0,1,0,0,5,19378,17,1036,0,0,2,3,189,4,0,0,4,0,0,1,0,4,0,0,84,0,4,0,0,2,0,0,0,19,2,557,2,0,0,5702,0,0,0,0,1,1,9,0,0,0,1,2,0,3,0,0,7,2,0,0,5,16,0,0,0,5,2,1,0,1,0,1,95,0,34,1012,63,1,64,5,0,0,0,0,0,0,5,0,0,11,0,0,23,6,0,0,0,1,0,0,0,0,0,33,8,0,3,0,0,11,0,0,0,0,1,0,0,0,0,6,414,0,0,0,1,0,3,0,0,0,0,4,0,0,526,1,0,2,0,31,0,40,0,1,0,20,0,0,1,0,0,0,0,0,2,2,0,2,0,0,1,0,11,22,0,0,1,0,0,0,0,26,0,0
En-27,17,0,4,0,0,26,0,2,0,2,0,40,0,0,0,0,0,35,18,0,0,0,0,0,9,4,0,0,0,0,2,1,3,0,4,0,0,30,0,2,3,0,4,0,0,3,1,0,100,0,110,77,1,0,128,0,1,1,8,100,0,0,0,0,0,52,1025,0,47,1,93,1,1,6,1,1,0,0,0,0,651,0,7,15,0,0,1,28,0,3,0,0,0,1,18,0,0,0,24,22,52,0,0,13,0,0,0,0,0,0,0,0,127,0,0,3,80,565,1,13,0,0,0,3,0,0,0,0,0,0,0,1,0,0,0,0,0,0,986,1,5,0,0,12,55,2,0,0,0,0,5,0,0,1,0,468,0,0,47,0,0,0,9,13,120,0,128,1,2,0,0,0,0,1,0,0,4,2,4,0,0,0,0,11,1,6,0,51,21,0,0,0,0,0,0,0,0,0,51,0,1,0,0,0,0,0,0,0,6,0,4,87,0,13052,8,0,4,0,0,618,0,0,0,0,0,0,4,0,0,195,0,0,0,0,7,6,0,0,2,0,62,169,0,0,0,1,0,1,0,2,23506,44,3098,0,0,0,0,96,1,0,0,9,0,0,10,0,7,0,0,28,0,1,0,0,0,0,0,0,10,0,1375,2,0,0,3486,0,0,2,0,0,0,8,0,0,0,0,0,0,0,0,0,1,4,0,0,4,0,0,23,0,11,0,1,0,1,0,5,94,0,44,388,221,1,47,3,0,3,0,0,0,2,13,1,0,3,3,0,50,3,0,0,0,2,0,0,0,1,0,56,15,0,0,0,0,31,0,0,0,0,0,0,0,0,2,8,505,0,0,0,3,1,1,0,0,0,0,8,0,0,461,0,0,1,0,1,0,134,0,0,0,20,0,2,0,0,0,0,0,0,6,6,0,0,0,0,2,0,16,49,10,0,1,0,0,10,0,39,0,0
En-28,15,0,2,0,0,32,0,0,0,2,0,50,0,0,0,0,0,39,20,1,0,0,0,0,3,0,0,0,0,0,0,1,5,0,0,0,0,20,0,0,1,0,1,0,0,0,4,0,93,0,31,94,3,0,44,0,3,1,7,39,0,0,0,0,0,7,521,0,23,0,112,11,1,3,3,2,0,0,0,0,333,0,0,6,0,0,1,4,0,5,0,0,0,1,67,0,0,0,27,26,68,0,0,8,0,0,0,0,0,1,0,0,48,0,0,0,99,408,0,10,0,0,0,4,0,0,0,0,12,3,0,2,1,0,3,0,0,0,1027,0,4,0,0,11,30,1,0,0,0,0,5,0,0,0,0,626,0,1,47,0,0,0,8,1,57,0,158,0,0,0,0,0,0,18,0,14,0,0,0,1,0,1,0,8,0,17,2,60,16,0,10,0,0,0,0,0,0,0,59,0,3,0,0,0,0,0,0,0,2,0,0,71,0,11425,1,0,2,0,0,894,0,0,3,0,0,1,2,0,5,156,0,0,0,1,1,5,0,0,0,0,16,168,0,0,0,0,1,0,0,1,14766,23,814,0,0,0,4,64,2,0,0,0,2,0,3,0,1,0,0,35,0,6,0,1,0,0,0,0,5,0,1067,1,0,0,2256,0,0,1,0,0,0,3,0,0,0,0,1,0,0,0,0,2,2,0,0,2,0,1,15,0,6,0,4,0,1,0,3,104,0,7,683,134,1,44,4,0,0,0,0,0,0,10,0,0,3,1,0,34,2,0,0,0,0,0,0,0,4,0,26,15,0,1,0,0,17,0,0,0,0,1,0,0,0,0,8,209,1,0,1,0,0,3,0,0,0,0,6,0,0,345,0,0,3,0,0,0,53,1,3,0,19,3,0,0,0,0,0,0,0,2,0,0,0,0,0,2,0,6,17,12,0,0,0,0,19,0,25,0,1
En-37,6,0,6,0,0,8,2,1,0,2,0,66,0,0,0,0,0,14,5,0,0,0,0,0,4,0,0,0,0,0,0,0,4,0,0,0,0,31,0,0,0,0,7,0,0,1,0,0,160,0,103,55,4,0,39,0,4,2,3,38,0,0,5,0,0,25,1023,0,38,0,38,8,0,28,4,0,0,0,1,0,238,0,2,7,0,0,0,0,0,5,0,0,0,1,13,0,0,0,9,16,93,0,1,5,0,0,0,0,0,0,0,0,60,0,0,1,70,250,0,12,0,1,0,2,0,0,0,0,0,2,0,0,0,0,2,0,1,0,1164,0,8,0,0,7,48,5,0,0,0,0,0,0,0,0,4,350,0,0,29,0,0,0,2,10,45,0,119,0,0,0,0,0,0,0,0,8,0,0,2,0,0,0,0,0,0,3,0,68,9,0,0,0,0,0,0,0,0,0,45,0,5,0,0,0,0,0,0,0,0,0,2,76,0,5871,1,0,0,0,0,239,0,0,0,0,0,0,0,1,0,66,0,0,0,1,3,2,0,0,0,0,14,277,0,0,0,0,0,1,0,0,15705,16,1044,0,0,0,2,57,3,0,0,3,0,0,3,0,6,1,0,34,0,9,0,0,0,0,0,0,8,0,566,3,0,0,4713,0,0,0,0,0,0,3,2,0,0,0,2,0,18,0,0,3,3,0,0,3,0,0,19,0,3,0,2,0,0,0,4,56,0,7,505,65,1,51,3,0,0,0,0,0,0,8,1,0,6,2,0,11,2,0,0,0,0,0,0,0,2,0,50,2,0,5,0,0,21,0,0,0,0,0,0,0,0,0,3,247,0,0,0,0,0,3,0,0,1,0,7,0,3,2110,0,0,0,0,3,0,12,0,1,0,13,1,2,0,0,0,0,0,0,3,3,0,2,0,0,1,0,10,13,10,0,0,0,0,17,0,25,0,0
En-38,10,0,6,0,0,28,1,5,0,0,0,24,0,0,0,0,0,5,7,0,0,0,0,0,5,2,0,0,0,0,0,2,7,0,0,0,0,17,0,0,1,0,6,0,0,2,0,0,146,0,29,34,9,0,136,0,3,0,1,47,0,0,18,0,0,7,1035,0,32,1,81,3,0,30,2,1,0,0,1,0,384,0,1,0,0,0,11,3,0,2,0,0,0,0,21,0,0,0,26,18,66,0,0,9,0,0,0,0,0,0,0,0,55,1,0,3,74,219,0,15,0,0,0,8,0,2,0,0,5,1,0,1,0,0,2,0,1,0,1224,0,11,0,0,6,32,1,0,0,0,0,8,0,0,1,0,743,0,0,14,0,0,0,4,4,42,0,96,0,1,0,0,0,0,0,0,6,0,2,0,0,1,1,0,1,4,4,1,65,11,0,0,0,0,0,0,2,0,0,26,0,2,0,1,0,0,0,0,0,1,0,1,102,0,3167,0,0,1,0,0,150,0,0,0,0,1,1,0,0,0,47,0,0,0,1,1,1,0,0,0,0,34,364,0,0,0,1,1,0,13,1,14132,10,1301,0,0,0,2,30,2,0,0,3,0,0,6,0,2,0,0,36,0,2,0,3,0,0,0,0,6,0,421,0,0,0,5343,0,0,0,0,0,1,0,2,0,0,0,0,0,1,0,0,3,2,0,0,1,0,0,3,0,2,0,2,0,1,2,5,79,0,0,578,66,1,40,3,0,0,0,0,0,0,11,0,0,8,0,0,17,0,0,0,0,0,0,0,0,3,0,17,3,0,1,0,0,16,0,0,0,0,1,0,0,0,0,4,241,0,0,0,0,0,3,0,0,0,0,4,0,2,2261,0,0,0,0,0,0,28,0,1,0,22,0,0,0,0,0,0,0,0,5,1,0,4,0,1,0,0,19,21,4,0,0,0,0,14,1,41,0,0
En-39,9,0,14,0,0,27,0,0,0,0,0,38,0,0,0,0,0,16,8,0,0,0,0,0,5,1,0,0,0,0,0,1,5,0,0,0,0,32,0,0,1,0,4,0,0,0,1,0,139,1,75,37,2,0,81,0,7,2,9,37,0,0,2,0,0,15,888,0,51,1,185,2,3,20,3,0,0,0,0,0,378,0,0,9,1,1,2,93,0,2,0,1,0,1,28,0,0,0,23,24,123,0,1,5,0,0,0,0,0,0,0,0,44,0,0,3,81,343,0,11,0,2,0,38,0,0,0,0,0,0,0,0,1,0,1,0,0,1,1995,0,7,0,0,1,58,2,1,0,0,0,0,0,0,0,0,767,0,0,33,0,0,0,13,3,31,0,121,0,0,0,0,0,0,0,0,9,0,0,1,0,0,5,0,0,2,4,0,32,13,0,0,0,0,0,0,0,0,0,32,0,3,0,0,0,0,0,0,0,5,0,2,61,0,5777,2,0,2,0,0,226,0,0,0,0,0,1,2,0,0,158,0,0,0,1,1,0,0,0,4,0,27,145,0,0,0,0,0,0,0,1,15243,18,1414,0,0,0,3,48,3,0,0,1,0,0,0,0,1,0,0,14,0,7,0,1,2,0,0,0,7,0,459,1,0,0,6401,0,0,0,0,0,0,2,0,0,0,0,0,0,0,0,0,0,0,0,0,0,0,0,7,0,6,1,3,0,2,0,3,113,0,8,519,254,1,56,0,0,4,0,0,0,0,8,0,0,3,3,0,21,1,0,0,0,1,0,0,0,5,1,628,3,0,1,0,0,20,0,0,0,0,0,0,0,0,1,17,331,0,0,0,3,0,2,0,0,0,0,15,0,0,1991,0,0,0,0,0,0,48,0,1,0,18,0,0,0,0,0,0,0,0,2,1,0,5,0,0,1,0,15,26,5,0,0,0,0,22,1,57,0,0
En-40,8,0,1,0,0,13,0,1,0,0,0,36,0,0,0,0,0,26,7,0,0,0,0,0,3,1,0,0,0,0,0,0,7,0,0,0,0,10,0,0,0,0,5,0,0,1,0,0,118,0,31,93,0,0,172,0,2,1,8,24,0,0,6,0,0,13,648,0,32,0,87,13,2,13,0,0,0,0,0,0,457,0,2,10,0,0,3,10,0,1,0,0,0,0,17,0,0,0,121,11,45,0,0,62,0,0,0,0,0,0,0,0,42,0,0,1,56,140,0,9,0,0,0,255,0,0,0,0,0,1,0,0,5,0,2,0,15,0,753,0,3,0,0,4,22,3,0,0,0,0,2,0,0,4,0,960,0,0,79,0,0,0,14,1,18,0,78,0,0,0,0,0,0,0,0,12,0,0,0,0,1,40,0,3,0,0,0,70,8,0,0,0,0,0,0,0,0,0,48,0,4,0,0,0,0,0,0,0,0,1,1,28,0,12305,1,0,0,0,0,200,0,0,0,0,0,0,1,0,2,68,0,0,0,1,1,3,0,0,1,0,12,288,0,0,0,0,1,0,0,1,12785,14,522,0,0,0,0,28,0,0,0,2,0,0,4,0,3,0,0,48,0,0,0,4,1,0,0,0,1,0,507,2,0,0,2036,0,0,0,0,0,0,1,0,0,0,0,0,0,0,0,0,1,1,0,0,2,0,0,7,0,1,12,0,0,0,0,4,34,7,4,329,199,2,38,1,0,0,0,0,0,0,5,0,0,5,2,0,5,1,0,0,1,0,0,0,0,1,0,31,5,0,2,0,0,25,0,0,0,0,0,0,0,0,1,3,182,0,0,0,1,0,3,0,0,0,0,1,0,1,1447,0,0,0,0,0,0,32,0,0,0,19,0,0,0,0,0,0,0,0,1,3,0,2,0,0,1,0,3,14,10,0,0,0,0,33,1,29,0,0
En-49,12,0,10,0,0,27,0,1,0,0,0,58,0,0,0,0,0,1,0,0,0,0,0,0,2,1,0,0,0,0,0,0,21,0,0,0,0,13,0,2,0,0,4,0,0,2,1,0,88,0,14,6,2,0,372,0,2,1,0,44,0,0,7,0,0,6,885,0,29,0,56,3,0,5,1,0,0,0,2,0,195,0,0,0,0,0,1,6,0,2,0,0,0,1,95,0,0,0,45,22,51,0,0,4,0,0,0,0,0,0,0,0,30,0,0,2,90,123,0,10,0,0,2,692,0,0,0,0,3,0,0,4,0,0,2,0,1,0,1466,0,3,0,0,6,22,1,0,0,0,0,6,0,0,0,0,527,0,0,0,0,0,0,8,6,50,0,52,0,0,0,0,0,0,7,0,3,0,0,0,2,0,84,0,1,0,3,0,32,32,0,2,0,0,0,0,0,0,0,3,0,1,0,0,0,0,0,0,0,0,0,2,37,0,74,4,0,1,0,0,586,0,0,0,0,0,0,12,0,0,173,0,0,0,0,1,0,0,0,0,0,25,201,0,0,0,0,0,0,0,0,13170,7,991,0,0,0,6,66,2,0,0,1,0,0,1,0,2,0,0,100,0,0,0,0,2,0,0,0,8,0,839,1,0,0,4358,0,0,0,0,0,0,0,0,0,0,0,0,0,0,0,0,1,3,0,0,1,2,0,4,0,6,2,0,0,0,0,10,62,4,15,495,1024,1,36,6,0,0,0,0,0,0,6,0,0,4,1,5,15,0,0,0,0,1,0,0,0,9,0,21,0,0,2,0,0,17,0,0,0,0,0,0,0,0,0,4,277,2,0,2,0,0,2,0,0,0,0,6,0,0,1713,0,0,2,0,0,0,22,0,0,0,28,0,1,0,0,0,0,0,0,2,0,0,0,0,0,3,0,8,13,0,0,0,0,0,0,1,19,0,0
En-50,16,0,104,0,0,28,1,0,0,2,0,7,0,0,0,0,0,26,23,0,0,0,0,1,15,0,0,0,0,0,0,3,36,4,0,0,0,19,0,2,0,0,10,0,0,0,2,0,190,0,59,43,0,0,402,0,6,1,24,78,0,0,15,0,0,7,1729,0,61,1,72,1,0,11,4,0,0,0,1,0,340,0,0,8,0,1,0,3,1,6,0,0,0,3,195,0,0,0,26,42,140,0,1,8,0,0,0,0,0,0,0,0,62,0,0,2,104,177,0,13,0,0,0,206,0,0,0,0,2,2,0,4,0,0,4,0,0,0,3687,0,5,0,0,3,41,9,1,0,0,0,0,0,0,0,0,323,0,0,30,0,0,0,3,7,110,0,162,0,0,0,0,0,1,0,0,14,0,0,0,0,0,33,0,5,0,3,0,50,53,0,0,0,0,0,0,0,0,0,27,0,1,0,0,0,0,0,0,0,1,1,1,82,0,7824,5,0,5,0,0,1021,0,0,0,0,0,1,4,0,0,64,0,0,0,1,1,0,0,0,1,0,13,379,0,0,0,1,0,0,2,0,21176,2,1469,0,0,0,10,94,4,0,0,2,0,0,0,0,4,0,0,201,0,25,0,0,2,0,0,0,7,0,440,3,0,0,8039,0,0,0,0,0,0,5,0,0,1,0,1,0,4,0,1,3,1,0,0,0,0,0,6,0,5,0,4,0,2,1,4,156,1,12,397,149,0,80,7,0,0,0,0,0,0,8,1,0,5,1,4,54,4,0,0,0,3,0,0,0,31,0,52,2,0,6,0,0,45,0,0,0,0,0,0,0,0,0,2,513,1,0,0,0,0,1,0,0,0,0,5,0,0,2515,0,0,2,0,0,1,46,2,1,0,21,4,1,0,0,0,0,0,0,7,1,0,0,0,0,0,0,17,32,14,0,0,0,0,36,2,27,0,0
En-51,7,1,33,0,0,23,1,2,0,1,0,52,0,0,1,0,0,25,20,1,0,0,0,0,4,0,0,0,0,0,1,0,13,0,0,0,0,14,0,0,0,0,3,0,0,0,1,0,104,0,36,69,2,0,401,0,4,3,23,42,0,0,21,0,0,3,714,0,37,0,71,2,1,2,3,0,0,0,0,0,525,0,1,4,0,0,7,1,0,0,0,0,0,0,145,0,0,0,8,16,92,0,3,3,0,0,0,0,0,0,0,0,33,0,0,3,77,608,0,9,0,0,0,67,0,0,0,0,0,7,0,2,0,0,1,0,0,0,1549,0,8,0,0,5,22,2,0,0,0,0,0,0,0,0,0,462,0,0,42,0,0,0,6,8,62,0,52,0,0,0,0,0,0,8,0,11,0,1,2,0,0,10,0,0,0,3,0,28,15,0,0,0,0,0,0,0,0,0,12,0,3,0,0,0,0,0,0,0,2,0,0,116,0,10064,1,0,0,0,0,277,0,0,0,0,0,0,1,1,0,19,0,0,0,0,0,1,0,0,0,0,24,250,0,0,0,1,0,1,102,1,13014,57,1012,0,0,0,1,62,3,0,0,2,2,0,1,0,2,0,0,7,0,1,0,2,0,0,0,0,2,0,747,2,0,0,5604,0,0,0,0,0,0,1,0,0,0,0,0,0,2,0,0,0,6,0,0,1,3,0,23,0,6,0,0,0,2,0,2,59,2,22,403,99,0,47,11,0,0,0,0,0,1,5,0,0,7,0,0,7,0,0,0,0,1,0,0,4,26,0,27,0,0,0,0,0,29,0,0,0,0,0,0,0,0,0,2,269,1,0,0,1,0,4,0,0,0,0,6,0,1,2153,0,0,4,0,0,1,33,0,0,0,28,0,0,0,0,0,0,0,0,7,0,0,1,0,0,0,2,13,18,8,0,0,0,0,28,0,20,0,0
En-52,8,0,13,0,0,19,1,1,0,1,0,34,0,0,0,0,0,25,27,0,0,0,0,0,4,2,0,0,0,0,0,1,18,0,0,0,0,8,0,0,0,0,0,0,0,1,0,0,96,0,50,83,1,0,252,0,4,0,16,28,0,1,1,0,0,12,708,1,23,1,98,2,1,0,2,0,0,0,2,0,401,0,0,9,1,0,2,4,1,1,0,0,0,0,25,0,0,0,71,16,87,0,0,8,0,0,0,0,1,0,0,0,53,0,0,3,81,128,1,7,0,0,8,568,0,0,0,0,4,1,0,0,0,1,1,0,0,0,1114,0,3,0,0,6,25,1,0,0,0,0,1,0,0,0,0,298,0,0,57,0,0,0,8,8,91,0,59,0,0,0,0,0,0,3,0,12,0,0,2,1,1,77,0,3,0,0,0,33,12,0,6,0,0,0,0,0,0,0,13,0,2,0,0,0,0,0,0,0,1,0,0,63,0,10615,4,0,2,0,0,561,0,1,0,0,0,1,2,0,0,29,0,0,0,1,0,6,1,0,3,0,30,202,0,0,0,0,0,0,1,0,12368,10,1046,0,0,0,0,39,0,0,0,4,0,0,0,0,2,0,2,1,0,14,0,3,2,0,0,0,2,0,335,3,0,0,3920,0,0,1,0,0,0,2,0,0,0,0,0,0,2,0,0,0,2,0,0,2,1,0,5,0,4,0,0,0,0,0,0,51,4,26,463,491,0,31,4,0,0,0,0,0,0,0,0,0,3,0,1,15,4,0,0,0,1,0,0,0,3,0,13,14,0,1,0,0,14,0,0,0,1,0,0,0,0,0,8,239,0,0,0,0,0,1,0,0,0,0,7,0,0,1315,0,0,1,0,0,0,25,0,0,0,11,0,2,0,0,0,0,0,0,0,1,0,0,0,0,0,2,11,11,12,0,1,0,0,33,1,14,0,0
En-61,8,0,38,0,0,13,0,3,0,3,0,50,0,0,0,0,0,14,9,0,0,0,1,0,5,0,0,0,0,0,0,0,20,0,0,0,0,16,0,0,0,0,9,0,0,0,0,0,236,0,26,23,3,0,203,0,6,1,2,56,0,0,5,0,0,16,1238,0,52,0,156,6,1,19,2,2,0,0,1,0,457,0,0,4,0,0,4,9,0,6,0,0,0,0,164,0,0,0,68,12,134,0,0,9,0,0,0,0,0,0,0,0,24,0,0,1,73,191,0,15,0,1,0,75,0,0,0,0,0,0,0,2,3,0,0,0,0,1,1254,0,6,0,0,1,29,2,0,0,0,0,1,0,1,0,0,859,0,0,7,1,0,0,1,3,42,0,96,0,0,0,0,0,0,1,0,6,0,0,1,0,0,6,0,0,0,2,8,37,21,0,0,0,0,0,0,0,0,0,10,0,7,0,0,0,0,0,0,0,3,5,0,124,0,2461,2,0,2,0,0,415,0,0,0,0,3,0,7,1,1,61,0,0,0,0,3,0,0,0,0,0,22,325,0,0,0,2,0,1,0,1,15509,22,1072,0,0,0,1,43,5,0,0,0,0,0,5,0,3,0,0,0,0,18,0,1,3,0,0,0,3,0,317,0,0,0,7559,0,0,0,0,0,0,2,0,0,0,0,0,0,51,0,0,0,4,0,0,1,4,0,7,0,2,0,0,0,0,1,6,79,0,13,569,189,0,36,1,0,0,0,0,0,0,16,0,0,2,1,5,20,1,0,0,0,0,0,0,0,16,0,31,1,0,1,0,0,17,0,0,0,0,0,0,0,0,1,0,376,0,0,0,0,0,6,0,0,0,0,8,0,1,3134,0,0,2,0,1,0,48,0,1,0,49,0,2,0,0,0,0,0,0,3,0,0,2,0,1,1,3,19,28,3,0,0,0,0,9,2,38,0,0
En-62,8,0,3,1,0,19,1,0,0,1,0,14,0,0,0,0,0,1,0,0,0,0,0,0,6,1,0,0,0,0,0,0,8,0,0,0,0,18,0,0,0,0,2,0,0,5,2,0,238,0,17,22,2,0,91,0,8,1,0,14,0,0,5,1,0,2,813,1,20,1,106,1,3,5,2,0,0,0,1,0,521,0,0,0,0,0,2,0,8,2,0,0,0,0,64,0,0,0,55,19,46,0,0,8,0,0,0,0,0,1,0,0,33,0,0,1,50,252,0,7,0,0,0,2433,0,0,0,0,0,1,0,0,3,0,2,0,0,0,1049,0,4,0,0,5,36,2,0,0,0,0,1,0,0,0,0,516,0,0,2,0,0,0,3,3,17,0,41,0,1,0,0,0,0,1,1,0,0,0,0,2,0,358,0,5,0,1,1,26,13,0,4,0,0,0,0,0,0,0,13,0,1,0,0,0,0,0,0,0,2,0,1,121,0,480,2,0,0,0,0,377,0,0,0,0,0,0,2,0,1,90,0,0,0,0,0,0,0,0,0,0,26,216,0,0,0,1,0,0,0,2,11364,27,978,0,0,0,2,26,0,0,0,5,0,1,4,0,11,0,1,0,0,5,0,0,1,0,0,0,3,0,1006,2,0,0,4194,0,0,1,0,1,1,1,0,0,1,0,0,0,4,0,0,1,3,0,0,0,1,0,3,0,3,0,3,0,0,0,4,85,2,11,606,206,0,29,4,0,0,0,0,0,0,4,0,0,6,0,0,12,4,0,0,0,0,0,0,1,0,0,35,0,0,0,0,0,11,0,0,0,0,0,0,0,0,0,1,262,0,0,0,1,0,2,0,0,0,0,3,0,0,2682,0,0,0,0,0,0,16,0,0,0,10,2,1,0,0,0,0,0,0,1,1,0,2,0,0,2,0,10,24,3,0,0,0,0,3,0,26,1,0
En-63,4,0,5,0,0,25,0,0,0,2,0,28,0,0,0,0,0,4,6,1,0,0,1,0,4,4,0,0,0,0,0,1,3,0,1,2,0,14,0,0,2,0,1,0,0,3,1,0,146,0,119,38,1,0,67,0,6,2,4,18,0,0,8,0,0,7,535,0,16,0,77,0,1,13,1,0,0,0,3,0,187,0,0,2,1,1,1,0,0,2,0,0,0,2,42,0,0,0,79,34,46,0,0,8,0,0,0,0,0,0,0,0,34,0,2,1,87,191,0,11,0,1,0,17,0,0,0,0,2,4,0,1,4,0,4,0,1,0,1455,0,12,0,0,0,38,1,0,0,0,0,3,0,0,0,0,470,0,0,28,0,0,0,1,4,12,0,69,0,0,0,0,0,0,2,0,7,0,0,2,0,0,3,0,3,0,14,0,25,16,0,0,0,0,0,0,0,0,0,8,0,7,0,0,0,0,0,0,0,1,1,2,72,0,3830,5,0,2,1,0,370,0,0,0,0,3,0,2,0,1,103,0,0,0,1,4,0,0,0,0,0,32,202,0,0,0,0,0,3,0,0,10965,11,898,0,0,0,4,34,1,0,0,4,2,0,2,0,1,0,0,0,0,4,0,2,1,0,0,0,1,0,268,1,0,0,4271,0,0,0,0,0,0,2,0,0,0,0,0,0,0,0,0,3,2,0,0,0,0,0,5,0,5,0,0,0,0,1,5,54,0,11,413,169,0,47,4,0,1,0,0,0,0,6,0,0,5,0,0,15,1,0,0,5,0,0,0,0,14,0,44,6,0,3,0,0,16,0,0,0,0,0,0,0,0,2,7,215,0,0,0,1,0,0,0,0,0,0,12,0,1,1458,1,0,2,0,0,0,35,0,0,0,22,0,0,0,0,0,0,0,0,2,0,0,4,0,0,0,0,8,21,4,0,0,0,0,9,0,70,0,0
En-64,11,0,5,0,0,15,1,1,0,1,0,30,0,0,0,0,0,22,14,0,0,0,0,1,1,0,0,0,0,0,1,2,3,0,1,0,0,12,0,1,1,0,5,0,0,1,0,0,142,0,23,46,1,0,42,0,1,2,9,11,0,0,6,0,0,2,652,0,29,1,84,5,0,24,2,0,0,0,0,0,228,1,1,5,0,0,3,2,0,5,0,0,0,0,18,0,0,0,19,31,65,0,0,2,0,0,0,0,1,0,0,0,44,0,0,1,84,125,1,18,0,0,0,9,0,0,0,0,0,2,0,1,1,0,2,0,2,0,1611,0,5,0,0,3,47,1,0,0,0,0,2,0,1,0,0,423,0,0,31,0,0,0,2,2,13,0,52,0,1,0,0,1,0,0,0,11,0,0,1,0,0,1,0,0,0,6,0,35,14,0,1,0,0,0,0,0,0,0,11,0,7,0,0,0,1,0,0,0,1,0,1,58,0,8378,3,0,1,0,0,399,0,0,0,0,2,1,1,0,0,23,0,0,0,1,1,1,0,0,0,0,17,172,0,0,0,0,0,1,0,0,11882,4,802,0,0,0,2,40,1,0,0,8,0,0,1,0,0,0,0,0,0,1,0,3,1,0,0,0,4,0,240,1,0,0,4194,0,0,3,0,0,0,2,0,0,0,0,0,0,0,0,1,3,3,0,0,1,1,0,7,0,1,0,1,0,0,1,1,114,0,5,537,93,2,49,3,0,1,0,0,0,0,13,0,0,9,0,0,10,3,0,0,0,0,0,0,0,20,0,30,3,0,1,0,0,11,0,0,0,0,0,0,0,0,2,8,253,3,0,0,0,0,0,0,0,0,0,12,0,0,1607,0,0,0,0,0,0,30,0,0,0,9,1,1,0,0,0,0,0,0,5,0,0,1,0,0,0,0,6,33,24,0,0,0,0,30,2,43,0,0
En-73,14,0,7,0,0,11,0,0,0,0,0,51,0,0,0,0,0,24,13,0,0,0,0,0,2,3,0,0,0,0,0,0,11,0,0,0,0,22,0,0,0,0,6,1,0,2,1,0,486,0,24,47,0,0,165,0,8,2,16,37,0,0,2,1,0,4,665,0,48,0,96,8,0,2,3,0,0,0,0,0,236,0,0,7,0,1,8,3,0,3,0,0,0,0,80,0,0,0,43,12,73,0,0,6,0,0,0,0,0,0,0,0,36,1,0,1,55,194,0,25,0,0,0,29,0,0,0,0,0,4,0,1,0,0,0,0,2,0,1003,0,8,0,0,6,35,2,0,0,0,0,1,0,3,1,0,410,0,0,29,0,0,0,3,2,55,0,95,0,0,0,0,1,0,2,0,13,1,0,5,0,0,2,0,1,0,5,2,52,17,0,0,0,0,0,0,0,0,0,21,0,1,0,0,0,0,0,0,0,1,0,2,83,0,7305,1,0,2,0,0,354,0,1,0,0,0,0,3,0,2,21,0,0,0,2,0,1,0,0,0,0,9,238,0,0,0,0,0,0,0,0,14097,14,697,0,0,1,0,33,0,0,0,2,1,0,2,0,1,0,0,9,0,1,0,2,1,0,0,0,3,0,276,2,0,0,5066,0,0,0,0,0,1,5,0,0,0,0,1,0,0,0,0,2,2,0,0,1,0,0,2,0,3,0,0,0,0,0,3,33,0,5,391,137,0,43,7,0,0,0,0,0,0,15,0,0,3,2,0,3,3,0,0,0,1,0,0,0,1,0,51,3,0,4,0,0,17,0,0,0,0,0,0,0,0,1,2,181,0,0,0,3,0,4,0,0,0,0,3,0,6,1332,0,0,0,0,0,0,19,0,0,0,26,0,1,0,0,0,0,0,0,3,1,0,0,0,0,1,0,7,21,10,0,0,0,0,19,0,32,0,0
En-74,14,0,5,0,0,13,2,0,0,2,0,26,0,0,0,0,0,0,1,0,0,1,0,0,6,3,0,0,0,0,0,2,13,0,0,0,0,23,0,0,1,0,2,0,0,0,3,0,131,0,28,8,2,0,410,0,7,1,1,26,0,0,0,0,0,4,1006,0,38,0,279,3,2,1,2,1,0,0,1,0,672,0,0,0,1,0,61,0,0,6,0,0,0,1,4,0,0,0,38,39,104,0,0,6,0,0,0,0,0,1,0,0,38,0,0,1,170,338,0,12,0,3,1,40,0,0,0,0,0,0,0,1,3,0,1,0,1,0,2272,0,15,0,0,4,52,4,0,0,0,0,1,0,0,1,0,1048,0,0,0,0,0,0,4,4,52,0,86,0,0,0,0,0,0,15,0,1,0,0,0,0,0,9,0,2,0,15,0,47,25,0,8,0,0,0,0,0,0,0,15,0,2,0,0,0,0,0,0,0,2,0,1,107,0,56,11,0,5,0,0,460,0,0,0,0,0,0,7,0,1,53,0,0,0,0,0,0,0,0,0,0,28,468,0,1,0,1,0,0,0,0,14877,50,992,0,0,1,2,77,0,0,0,4,0,0,6,0,2,0,0,2,0,10,0,0,4,0,0,0,4,1,609,0,0,0,5783,0,0,2,0,0,0,2,16,0,0,0,1,0,0,0,2,1,1,0,0,0,2,0,0,0,3,0,1,0,0,1,1,85,0,24,483,326,0,54,12,0,0,0,0,0,0,6,0,0,7,0,0,33,0,0,0,0,0,0,0,4,2,0,51,5,0,2,0,0,8,0,0,1,0,1,0,0,0,0,10,283,2,0,0,1,0,1,0,0,0,0,5,0,1,1549,0,0,1,0,0,0,37,0,1,0,155,0,4,1,0,0,1,0,0,5,0,0,0,0,0,7,1,11,33,0,1,0,0,0,0,0,15,0,0
En-75,17,0,6,0,0,26,0,2,0,3,0,53,0,0,0,0,0,0,1,0,0,0,0,0,6,1,0,0,0,0,0,2,14,0,1,0,0,31,0,3,0,0,10,0,0,2,3,0,219,0,71,19,1,0,183,0,10,1,2,67,0,0,1,0,0,5,1401,0,89,1,114,0,3,3,7,0,0,0,2,0,510,0,0,0,0,0,3,1,0,7,0,0,0,3,45,0,0,0,25,30,102,0,0,10,0,0,0,0,0,0,0,0,38,1,0,1,149,179,0,21,0,1,0,409,0,0,0,0,0,1,0,4,0,0,2,0,0,0,2808,0,8,0,0,3,54,5,0,0,0,0,1,0,0,0,0,1365,0,0,0,0,0,0,7,6,64,0,179,0,4,0,0,0,0,2,0,1,0,0,0,0,1,68,0,1,1,5,0,31,41,0,1,0,0,0,0,0,0,0,20,0,1,0,0,0,0,0,0,0,2,0,1,108,0,98,1,0,5,0,0,365,0,0,0,0,0,2,6,0,0,14,0,0,0,1,2,0,0,0,2,0,47,321,0,2,0,4,1,1,2,2,20409,41,1622,0,0,0,2,93,0,0,0,3,0,0,9,0,3,0,0,19,0,4,0,0,6,0,0,0,4,1,419,0,0,0,10508,0,0,0,0,0,0,6,0,0,0,0,8,0,0,2,0,2,2,0,1,1,0,1,3,0,8,0,1,0,1,1,3,126,0,12,727,471,0,91,6,0,11,0,0,0,0,12,2,0,3,1,0,26,1,0,0,0,1,0,0,4,5,2,52,3,0,0,0,0,21,0,0,1,0,1,0,0,0,0,2,439,2,0,0,0,0,1,0,0,0,0,6,0,0,2120,0,0,3,0,0,0,65,0,1,0,68,0,1,0,0,0,0,0,0,6,19,0,1,0,1,4,3,13,23,1,0,0,0,0,0,0,49,0,0
En-76,11,0,0,0,0,18,0,3,0,1,0,26,0,0,0,0,0,0,0,0,0,0,0,0,11,2,0,0,0,0,0,1,11,0,3,0,0,16,0,0,1,0,6,0,0,2,1,0,168,0,62,17,8,0,222,0,6,0,0,25,0,0,3,0,0,18,1384,0,72,0,193,2,0,0,2,0,0,0,2,0,298,1,0,0,0,1,4,0,0,2,0,0,0,2,22,0,0,0,38,18,48,0,2,4,0,0,0,0,0,0,0,0,34,0,0,0,94,306,0,15,0,0,0,25,0,0,0,0,0,0,0,5,0,0,0,0,0,0,1248,0,14,0,0,2,50,0,0,0,0,0,2,0,1,2,1,989,0,1,1,0,1,0,7,6,62,0,69,0,0,0,0,0,0,5,0,1,0,0,0,0,0,13,0,3,0,0,0,61,24,0,0,0,0,0,0,0,0,0,9,0,0,0,0,0,0,0,0,0,0,1,7,219,0,148,2,0,7,0,0,384,0,1,0,0,1,0,2,0,1,37,0,0,0,0,3,0,0,0,0,0,25,386,0,0,0,2,1,0,0,0,16853,21,1035,0,0,0,0,46,0,0,0,6,0,0,1,0,6,0,0,1,0,1,0,0,4,0,0,0,6,0,502,1,0,0,10634,0,0,1,0,0,1,2,4,0,0,0,0,0,0,0,0,2,1,0,0,0,1,0,6,0,4,0,8,0,1,0,1,116,0,10,572,115,0,32,0,0,0,0,0,0,1,5,0,0,4,0,0,18,2,0,0,0,1,0,0,1,0,0,80,2,0,0,0,0,12,0,0,0,0,1,0,0,0,1,3,229,1,0,0,2,0,2,0,0,0,0,4,0,1,1803,0,0,1,0,0,0,19,0,2,0,32,3,2,0,0,0,0,0,0,2,22,0,13,0,0,0,1,33,20,0,0,0,0,0,0,0,31,0,0
En-85,15,1,0,0,0,18,0,2,0,1,0,31,1,0,0,0,0,23,17,0,0,0,0,0,8,0,0,0,0,0,0,0,15,1,0,1,0,11,0,1,0,0,6,0,0,0,0,0,110,0,28,84,6,0,60,0,17,0,10,25,0,5,8,0,0,6,648,1,20,0,120,1,0,3,2,0,0,0,0,0,168,0,0,0,0,0,1,0,0,4,0,0,0,0,92,0,0,0,59,20,76,0,0,0,0,0,0,0,0,0,0,0,29,0,0,1,58,188,0,11,0,0,0,0,0,0,0,0,0,2,0,3,0,0,0,0,0,0,1020,0,0,0,0,6,13,3,1,0,0,0,2,0,0,0,0,271,0,0,52,0,0,0,0,1,29,0,65,0,0,0,0,0,0,1,0,8,0,0,0,0,0,0,0,0,0,1,0,15,20,0,0,0,0,0,0,0,0,0,12,0,6,0,0,0,0,0,0,0,0,0,0,71,0,8327,1,0,1,0,0,301,0,0,0,0,0,0,0,0,0,30,0,0,0,0,1,0,0,0,0,0,10,259,0,0,0,0,0,0,1,0,11657,7,762,0,0,0,3,32,2,0,0,1,0,0,0,0,15,0,0,0,0,3,0,0,2,0,0,0,3,0,198,0,0,0,4482,0,0,0,0,0,0,2,0,0,0,0,1,0,1,0,0,2,4,0,0,2,1,0,5,0,1,0,0,0,0,1,9,40,0,4,439,73,0,30,3,0,0,0,0,0,0,9,0,0,0,0,0,5,1,0,0,0,0,0,0,0,6,0,17,1,0,2,0,0,7,0,0,0,0,0,0,0,0,0,1,148,0,0,0,0,0,3,0,0,0,0,4,0,0,3471,0,0,0,0,1,0,14,0,1,0,7,0,0,0,0,0,0,0,0,3,0,0,0,0,0,2,0,8,9,14,2,0,0,0,36,0,35,0,0
En-86,14,0,25,0,0,40,1,1,0,2,0,34,0,0,0,0,0,18,14,1,0,0,0,0,3,4,0,0,0,0,0,0,15,4,0,0,0,16,0,0,0,0,0,0,0,0,0,0,138,0,58,48,2,0,157,0,11,3,2,36,0,2,0,1,0,10,1015,0,41,0,361,5,2,6,4,1,0,0,1,0,306,0,0,3,0,0,12,0,0,3,0,0,0,0,28,0,0,0,65,39,123,0,0,5,0,0,0,0,1,0,0,0,38,0,0,0,58,431,1,12,0,0,7,23,0,0,0,0,0,4,0,1,6,0,1,0,0,0,2345,0,5,0,0,1,18,1,0,0,0,0,1,0,0,0,0,397,0,0,27,1,0,0,7,7,38,0,115,0,0,0,0,0,0,8,0,4,0,0,0,0,0,3,0,5,0,0,0,24,26,0,0,0,0,0,0,0,0,0,32,0,14,0,0,2,0,0,0,0,1,0,0,136,0,4665,2,0,8,0,0,571,0,0,0,0,0,0,0,0,0,194,0,0,0,2,1,1,0,0,0,0,43,315,0,1,0,0,1,0,0,0,17690,30,987,0,0,1,3,42,7,0,0,4,0,0,6,0,6,0,0,0,0,12,0,1,6,0,0,0,2,1,374,1,0,0,7309,0,0,0,0,0,0,2,0,0,1,0,0,0,0,0,0,0,1,0,0,1,3,0,19,0,10,0,0,0,0,0,4,60,0,13,697,299,0,39,2,0,2,0,0,0,0,22,0,0,4,3,3,22,4,0,0,0,0,0,0,0,4,0,32,5,0,3,0,0,21,0,0,0,0,0,0,0,0,1,3,256,0,0,0,1,0,1,0,0,0,0,6,0,0,2571,0,0,0,0,0,5,56,0,0,0,19,1,1,0,0,0,0,0,0,1,3,0,2,0,0,6,0,8,35,9,0,0,0,0,31,0,78,0,0
En-87,13,0,64,0,0,36,1,3,0,2,0,39,0,0,3,0,0,3,1,0,0,0,0,0,4,0,0,0,0,0,0,1,6,0,0,0,0,34,0,0,0,0,8,0,0,1,0,0,134,0,131,27,3,0,231,0,24,3,4,34,0,0,6,0,0,11,1311,0,52,1,228,1,0,23,9,0,0,0,2,0,319,0,0,0,0,1,14,0,0,2,0,0,0,2,57,0,0,0,90,39,127,0,0,3,0,0,0,0,0,1,0,0,32,1,0,2,71,441,0,22,0,0,1,16,0,0,0,0,1,0,0,0,0,1,4,0,0,0,1760,0,12,0,0,2,23,12,0,0,0,0,2,0,0,1,0,1759,0,0,4,0,0,0,2,1,29,0,93,0,1,0,0,0,0,5,0,2,0,0,0,0,0,1,0,2,0,2,0,44,27,0,0,0,0,0,0,4,0,0,29,0,2,0,0,0,0,0,0,0,1,1,3,116,0,649,1,0,1,0,0,171,0,0,0,0,0,0,5,0,0,41,0,0,0,2,1,0,11,1,0,0,17,421,0,0,0,1,0,2,0,1,19134,35,1265,0,0,0,2,43,2,0,0,4,0,0,6,0,17,0,18,0,0,11,0,0,5,0,0,0,2,0,364,1,0,0,8357,0,0,0,0,0,0,6,0,0,0,0,0,0,2,0,0,2,4,0,0,3,0,0,10,0,3,0,2,0,1,0,6,53,0,8,633,254,0,41,1,0,0,0,0,0,0,19,1,0,4,0,0,21,1,0,0,0,1,0,0,0,2,0,40,4,0,2,0,0,12,0,0,0,0,1,0,0,0,1,6,250,0,0,0,0,0,5,0,0,0,0,14,0,10,2877,0,0,1,0,0,0,29,1,1,0,37,1,2,0,0,0,0,0,0,5,0,0,3,0,0,4,0,21,27,1,0,0,0,0,2,0,58,1,0
En-88,5,0,0,0,1,12,0,0,0,0,0,23,0,0,1,0,0,39,32,0,0,0,0,0,2,0,0,0,0,0,0,1,7,0,0,0,0,8,0,0,0,0,4,0,0,0,0,0,63,0,21,106,0,0,41,0,2,1,8,16,0,0,5,0,0,5,449,0,30,0,40,1,5,1,3,0,0,0,0,0,446,0,0,11,0,0,1,0,0,1,0,0,0,0,39,0,0,0,27,4,51,0,0,3,0,0,0,0,0,0,0,0,13,0,0,1,45,206,0,3,0,0,0,26,0,0,0,0,0,4,0,1,1,0,1,0,0,0,393,0,2,0,0,3,7,0,0,0,0,1,2,0,0,0,0,870,0,0,68,0,0,0,0,4,11,0,65,0,0,0,0,0,0,0,0,9,0,0,0,1,0,3,0,1,0,0,0,30,9,0,0,0,0,0,0,0,0,0,114,0,2,0,0,0,0,0,0,0,0,0,2,92,0,20432,0,0,1,0,0,216,0,0,0,0,0,0,4,0,0,45,0,0,0,0,0,1,0,0,0,0,42,150,0,0,0,0,0,0,0,0,11162,13,1495,0,0,0,0,9,0,0,1,0,0,0,2,0,2,0,0,1,0,2,0,0,0,0,0,0,3,0,680,1,0,0,3568,0,0,0,0,0,0,1,0,0,0,0,0,0,0,0,0,0,1,0,0,1,1,0,4,0,2,20,0,0,0,0,5,33,0,7,302,154,0,26,2,0,1,0,0,0,0,6,0,0,0,1,0,1,1,0,0,0,0,0,0,0,6,0,19,2,0,1,0,0,15,0,0,0,0,0,0,0,0,1,7,81,0,0,0,1,0,2,0,0,0,0,4,0,0,1285,0,0,0,0,0,0,32,0,0,0,10,0,1,0,0,0,0,0,0,3,2,0,3,0,0,0,0,3,14,7,0,0,0,0,31,0,96,0,0
En-Gifu1,0,1,3,0,0,3,0,3,0,2,0,11,1,0,1,0,0,22,10,0,0,0,0,0,0,0,0,0,0,0,1,0,0,0,0,0,0,57,0,0,0,0,0,0,0,0,1,0,6,0,3,206,0,0,3,0,4,0,4,0,0,0,0,3,0,2,42,0,6,0,383,1,0,9,0,0,0,0,0,0,52,0,1,4,0,0,4,0,0,0,0,0,0,2,0,0,0,0,72,0,2,1,0,12,0,0,0,0,0,0,0,0,10,0,0,0,39,77,0,11,0,0,0,0,0,0,0,0,0,2,0,0,0,0,0,0,1,0,11,0,9,0,0,1,21,0,0,0,0,0,3,0,0,0,0,42,0,0,86,1,1,0,0,0,5,0,6,0,1,0,0,0,0,21,0,25,0,1,1,0,2,0,0,5,0,7,0,17,5,0,0,0,0,1,0,0,1,0,7,0,0,0,0,0,0,0,0,0,2,0,2,93,0,30146,0,0,0,0,0,0,0,5,0,0,0,0,1,0,0,20,0,0,0,0,0,0,0,0,0,0,0,71,0,0,0,0,0,1,0,1,3963,3,95,0,0,0,0,13,0,0,0,3,0,0,0,0,1,0,0,0,0,1,0,2,0,0,0,0,1,0,43,1,0,0,364,0,0,0,0,0,1,3,1,0,0,1,2,0,0,0,0,4,0,0,0,0,0,0,10,0,0,0,1,0,3,0,7,53,0,4,412,35,0,7,2,0,0,0,0,0,0,1,1,0,0,0,0,2,1,0,0,0,0,0,0,2,0,0,697,3,0,0,0,0,2,0,0,0,0,1,0,0,0,0,0,34,0,0,0,2,0,1,1,0,0,0,3,0,4,87,4,0,0,0,0,0,4,0,0,0,1,1,1,0,0,0,0,0,0,1,0,0,2,0,0,2,1,0,76,6,0,1,0,0,0,0,4,1,0
En-Gifu2,2,0,0,0,0,3,10,6,0,2,1,36,1,0,1,0,0,17,22,0,0,0,0,1,0,1,0,0,0,0,0,0,1,0,0,0,0,7,0,0,0,0,1,0,0,6,1,0,16,0,135,125,0,0,16,0,10,0,9,8,0,0,0,0,0,0,134,0,10,0,229,0,0,2,1,1,0,0,2,0,97,2,0,4,0,0,6,0,0,0,0,0,0,1,1,0,0,0,76,1,6,0,1,8,0,0,0,0,0,1,0,0,19,0,0,2,118,118,0,6,0,0,0,2,0,0,0,0,1,0,0,0,0,0,2,0,0,0,100,0,9,0,0,7,34,0,0,0,0,0,0,0,0,2,0,36,0,0,54,0,0,0,0,1,9,0,18,0,0,0,0,1,0,4,0,22,0,1,3,0,0,0,0,8,3,17,0,25,8,0,1,0,0,1,0,0,1,0,93,0,0,0,0,0,0,0,0,0,6,0,1,149,0,18739,0,0,1,0,0,1,0,30,0,0,0,0,1,1,0,23,0,0,0,0,0,0,0,0,0,0,16,121,0,0,0,0,0,0,0,4,6079,14,461,0,0,0,0,16,0,0,0,8,0,0,1,0,9,0,9,0,0,1,0,0,0,0,0,0,3,0,30,1,0,0,1024,0,0,0,0,0,0,1,1,0,0,0,4,0,0,0,0,5,1,0,0,0,0,0,6,0,0,0,3,0,3,0,13,80,0,8,451,95,1,13,0,0,0,0,0,0,0,0,0,0,0,0,0,6,0,0,0,0,0,0,0,0,0,0,2756,2,0,0,0,0,1,0,0,0,0,1,0,0,0,0,0,159,0,0,0,1,0,2,1,0,0,0,11,0,8,302,11,0,0,0,0,0,6,0,0,0,12,0,2,0,0,0,0,0,0,6,0,0,1,0,0,3,0,0,65,5,0,0,0,0,4,0,5,1,0
En-Gifu3,4,1,0,0,0,5,0,6,0,6,1,23,0,0,2,0,0,21,26,0,0,0,0,0,3,3,0,0,0,0,5,3,2,0,0,0,0,22,0,0,0,0,2,0,0,5,4,0,37,0,32,143,2,0,57,0,10,1,6,12,0,0,0,1,0,3,232,0,14,0,465,2,0,7,1,0,7,0,2,0,90,2,14,0,0,0,2,0,0,3,0,0,0,0,2,0,0,0,53,2,8,0,0,20,0,0,0,0,0,0,0,0,35,0,0,0,206,227,0,6,0,0,0,1,0,0,0,0,0,0,0,1,0,0,8,0,12,0,58,0,9,0,0,9,73,0,0,0,0,0,2,0,0,1,0,97,0,0,75,0,0,0,0,5,42,0,29,0,5,0,0,1,0,5,0,26,0,0,3,1,0,0,0,9,0,13,0,38,17,0,0,0,0,0,0,0,0,0,79,0,0,0,0,0,0,0,0,0,13,0,5,588,0,11662,4,0,2,0,0,2,0,11,0,0,0,1,4,0,0,115,0,0,0,0,1,0,0,0,1,0,17,106,0,0,0,0,0,2,2,4,8926,18,471,0,0,0,0,49,0,0,0,4,0,0,2,0,19,0,96,0,0,5,0,0,0,0,0,0,1,0,187,4,0,0,943,0,1,0,0,0,0,7,0,0,0,0,2,0,0,0,0,4,10,0,0,0,0,0,19,0,1,0,1,0,2,0,3,99,0,16,650,75,3,22,0,0,0,0,0,0,0,0,0,0,1,0,0,27,0,0,0,0,1,0,0,0,2,0,44,3,0,0,0,0,5,1,0,0,0,0,0,0,0,0,0,179,0,0,1,1,0,13,0,0,0,0,15,0,11,109,10,0,0,0,1,0,13,0,1,0,6,0,1,0,0,0,0,0,0,6,2,0,2,0,0,2,1,1,111,12,0,2,0,0,0,0,5,0,0
En-Gifu4,4,2,2,0,0,16,0,5,0,6,0,31,0,0,8,0,0,23,16,0,0,0,0,0,19,3,0,0,0,0,0,3,2,0,0,0,0,67,0,0,2,0,0,0,0,12,5,0,59,0,12,161,1,0,44,0,21,3,11,17,0,0,6,2,0,0,368,0,17,0,989,4,1,2,1,3,0,0,1,0,236,1,21,4,0,1,3,0,0,2,0,0,0,5,9,0,0,0,365,1,7,1,0,63,0,0,1,0,1,0,0,0,55,0,0,5,250,216,0,13,0,0,0,0,0,0,0,0,0,4,0,0,0,0,4,0,4,0,178,0,25,0,0,13,115,4,2,0,0,0,4,0,0,3,0,244,0,0,39,0,0,0,0,4,58,0,15,0,2,0,0,0,0,111,1,35,0,0,11,0,0,0,0,10,3,14,2,71,24,0,0,0,0,1,0,0,0,0,583,1,1,1,0,0,1,0,0,0,10,0,7,457,0,8570,1,0,5,0,0,0,0,21,0,0,0,2,2,0,1,48,0,0,0,1,7,0,0,0,4,0,24,181,0,0,0,0,0,2,14,11,11389,19,892,1,0,0,0,68,5,0,1,15,0,0,0,0,18,0,0,0,0,2,1,0,1,0,0,0,6,0,84,3,0,0,1820,0,1,0,0,0,1,11,0,0,0,0,2,0,0,0,0,5,7,0,0,0,1,0,10,0,0,0,6,0,4,0,13,145,0,11,2503,173,5,31,1,0,11,0,0,0,0,1,0,1,7,0,0,10,4,0,0,0,0,0,0,0,3,0,132,11,0,4,1,0,19,0,0,0,0,1,0,0,0,0,5,268,0,0,0,8,0,24,0,0,1,0,17,0,1,236,5,1,0,0,4,0,11,0,3,0,50,0,0,2,0,0,0,0,0,6,0,0,3,0,1,8,0,3,151,9,0,0,0,0,1,0,42,0,3
No-33,1,0,0,0,0,16,5,0,0,0,0,0,0,0,0,0,0,35,6,0,0,0,0,0,1,0,0,0,0,0,1,0,0,0,0,0,0,0,0,0,0,0,2,0,0,0,0,0,1,0,24,239,0,0,20,0,1,2,2,5,0,0,0,0,0,1,29,0,1,0,1,0,0,0,0,0,0,0,0,0,70,0,0,4,0,0,0,9,0,0,0,0,0,0,0,0,0,0,1,1,2,0,0,0,0,0,0,0,0,0,0,0,3,0,0,0,6,51,0,1,0,0,0,0,0,0,0,0,0,0,0,0,0,0,0,0,0,0,213,0,1,0,0,0,5,0,0,0,0,0,0,0,0,0,0,52,0,0,119,0,0,0,0,0,17,0,5,0,0,0,0,0,0,0,0,12,0,0,1,0,0,0,0,1,0,0,0,8,2,0,0,0,0,0,0,0,0,0,10,0,0,0,0,0,0,0,0,0,0,0,0,16,0,55531,0,0,0,0,0,67,0,0,0,0,0,0,0,0,0,9,0,0,0,0,0,0,0,0,0,0,2,25,0,0,0,0,0,0,0,0,4569,5,79,0,0,0,0,28,0,0,0,0,0,0,0,0,0,0,0,0,0,0,0,1,0,0,0,0,1,0,116,0,0,0,162,0,0,0,0,0,0,0,0,0,0,0,0,0,0,0,0,0,0,0,0,0,0,0,4,0,0,0,0,0,0,0,0,2,0,3,102,9,0,3,0,0,0,0,0,0,0,2,0,0,0,0,0,1,0,0,0,0,0,0,0,0,0,0,2,0,0,2,0,0,1,0,0,0,0,0,0,0,0,3,2,23,0,0,0,1,0,1,0,0,0,0,4,0,0,5,0,0,0,0,0,0,0,0,0,0,2,0,0,0,0,0,0,0,0,0,0,0,0,0,0,0,0,0,7,4,0,0,0,0,6,0,6,0,0
No-34,0,0,0,0,0,0,0,0,0,0,0,0,0,0,0,0,1,16,5,0,0,0,0,0,0,0,0,0,0,0,0,1,0,0,0,0,0,0,0,0,0,0,0,0,0,0,0,0,6,0,6,151,3,0,0,0,0,0,0,0,0,0,0,0,0,4,20,0,0,0,0,0,0,0,0,0,0,0,0,0,30,0,0,2,0,0,0,0,0,0,0,0,0,0,0,0,0,0,1,0,0,0,0,0,0,0,0,0,0,0,0,0,1,0,0,0,0,5,0,0,0,0,0,0,0,0,0,0,0,0,0,0,0,0,0,0,0,0,0,0,0,0,0,0,0,2,0,0,0,0,0,0,0,0,0,3,0,0,62,0,0,0,0,0,1,0,1,0,0,0,0,0,0,0,0,0,0,0,0,0,0,0,0,0,0,0,0,0,0,0,0,0,0,0,0,0,0,0,7,0,0,0,0,0,0,0,0,0,0,0,1,0,0,69702,0,0,0,0,0,189,0,0,0,0,0,0,0,0,0,0,0,0,0,0,0,1,0,0,0,0,0,1,0,0,0,0,0,0,0,0,1645,0,65,0,0,0,0,9,0,0,0,0,0,0,0,0,0,0,0,0,0,0,0,0,0,0,0,0,0,0,17,0,0,0,77,0,0,0,0,0,0,0,0,0,0,0,0,0,0,0,0,0,0,0,0,0,0,0,0,0,0,0,0,0,0,0,0,4,0,0,6,0,0,0,2,0,0,0,0,0,0,1,0,0,0,0,0,1,0,0,0,0,0,0,0,0,0,0,0,0,0,0,0,0,1,0,0,0,0,0,0,0,0,0,0,7,0,0,0,0,0,0,5,0,0,0,0,0,0,5,0,0,0,0,0,0,11,0,0,0,0,0,0,0,0,0,0,0,0,0,0,0,0,0,0,0,0,0,0,0,0,0,0,0,0,0,0,0,0
No-35,0,0,1,0,0,0,0,0,0,0,0,0,0,0,0,0,0,8,1,0,0,0,0,0,0,0,0,0,0,0,0,1,0,0,0,0,0,0,0,0,0,0,0,0,0,1,0,0,3,0,0,127,0,0,7,0,1,0,0,1,0,0,0,0,0,0,9,0,0,0,1,0,0,0,0,0,0,0,0,0,6,0,0,0,0,0,0,0,0,0,0,0,0,0,0,0,0,0,1,0,0,0,0,0,0,0,0,0,0,0,0,0,1,0,0,0,1,6,0,1,0,0,0,0,0,0,0,0,0,0,0,0,0,1,1,0,0,0,5,0,1,0,0,0,2,0,0,0,0,0,0,0,0,0,0,4,0,0,74,0,0,0,0,0,5,0,6,0,0,0,0,0,0,0,0,3,0,0,0,0,0,0,0,0,0,0,0,0,0,0,0,0,0,0,0,0,0,0,0,0,0,0,0,0,0,0,0,0,0,0,0,1,0,42007,0,0,0,0,0,10,0,0,0,0,0,0,0,0,0,0,0,0,0,2,1,0,0,0,0,0,0,26,0,0,0,0,0,0,0,0,1375,0,27,0,0,0,0,8,0,0,0,0,0,0,0,0,0,0,0,0,0,2,0,0,0,0,0,0,3,0,65,0,0,0,56,0,0,0,0,0,0,0,0,0,0,0,0,0,0,0,0,0,0,0,0,0,0,0,1,0,0,0,0,0,0,0,0,7,0,0,21,1,0,1,0,0,0,0,0,0,0,0,0,0,0,0,0,4,0,0,0,0,0,0,0,0,0,0,2,0,0,0,0,0,1,0,0,0,0,0,0,0,0,0,0,15,0,0,0,1,0,0,1,0,0,0,1,0,0,1,0,0,2,0,0,0,5,0,0,0,0,0,0,0,0,0,0,0,0,0,0,0,1,0,0,0,0,0,0,0,0,0,0,0,0,0,0,0,0
No-36,0,0,0,0,0,1,0,0,0,0,0,1,0,0,0,0,0,33,8,0,0,0,0,0,0,1,0,0,0,0,0,0,2,0,0,0,0,0,0,0,0,0,1,0,0,0,0,0,23,0,1,205,0,0,2,0,1,0,6,7,0,0,0,0,0,3,36,0,0,0,1,0,0,0,0,0,0,0,0,0,48,0,0,0,0,0,0,0,0,0,0,0,0,1,0,0,0,0,1,0,1,0,0,0,0,0,0,0,0,0,0,0,0,0,0,0,2,10,0,1,0,0,0,0,0,0,0,0,0,1,0,0,0,0,0,0,0,0,1,0,2,0,0,0,2,0,0,0,0,0,0,0,0,0,0,28,0,0,100,0,0,0,2,0,4,0,11,0,0,0,0,0,0,0,0,2,0,0,0,0,0,0,0,0,0,0,0,0,2,0,0,0,0,0,0,0,0,0,1,0,2,0,0,0,0,0,0,0,0,0,0,3,0,48648,1,0,0,0,0,144,0,0,0,0,0,0,0,0,0,0,0,0,0,0,0,0,0,0,0,0,0,44,0,0,0,0,0,0,0,0,2524,0,92,0,0,0,0,1,0,0,0,0,0,0,0,0,1,0,0,0,0,0,0,1,0,0,0,0,0,0,62,0,0,0,121,0,0,0,0,0,0,0,0,0,0,0,0,0,0,0,0,0,0,0,0,1,0,0,0,0,0,0,0,0,0,0,0,7,0,0,13,4,0,1,0,0,0,0,0,0,0,0,0,0,0,0,0,0,0,0,0,0,0,0,0,1,0,0,6,0,0,0,0,0,1,0,0,0,0,0,0,0,0,0,0,10,0,0,0,0,0,0,0,0,0,0,0,0,0,1,0,0,0,0,0,0,36,0,0,0,0,0,0,0,0,0,0,0,0,0,0,0,0,0,0,0,0,0,0,3,0,0,0,0,0,0,2,0,0
No-45,0,0,0,0,0,0,0,0,0,0,0,0,0,0,0,0,0,29,1,0,0,0,0,0,0,0,0,0,0,0,0,0,0,0,0,0,0,1,0,0,0,0,0,0,0,0,0,0,13,0,1,90,3,0,3,0,2,0,1,2,0,0,0,0,0,0,16,0,0,0,2,0,0,0,0,0,0,0,0,0,29,0,0,1,0,0,0,0,0,2,0,0,0,0,0,0,0,0,0,0,0,0,0,0,0,0,0,0,0,0,0,0,3,0,0,0,4,1,0,2,0,0,0,0,0,0,0,0,0,0,0,0,0,0,0,0,0,0,255,0,3,0,0,0,8,2,0,0,0,0,0,0,0,0,0,2,0,0,56,0,0,0,0,0,1,0,0,0,0,0,0,0,0,0,0,2,0,0,0,0,0,0,0,0,0,22,0,0,0,0,0,0,0,0,0,0,0,0,0,0,0,0,0,0,0,0,0,0,0,0,3,1,0,47566,0,0,0,0,0,753,0,0,0,0,0,0,0,0,0,0,0,0,0,0,0,0,0,0,0,0,0,22,0,0,0,0,0,0,0,1,1182,0,31,0,0,0,0,6,0,0,0,0,0,0,0,0,0,0,0,0,0,0,0,0,0,0,0,0,0,0,10,0,0,0,321,0,0,0,0,0,0,0,0,0,0,0,0,0,0,0,0,0,0,0,0,0,0,0,0,0,0,0,0,0,0,0,2,13,0,0,200,6,0,2,2,0,0,0,0,0,0,0,0,0,0,0,0,0,0,0,0,0,0,0,0,0,0,0,7,0,0,0,0,0,0,0,0,0,0,0,0,0,0,0,0,20,0,0,0,0,0,0,2,0,0,0,1,0,0,48,0,0,0,0,0,0,0,0,0,0,0,0,0,0,0,0,0,0,0,2,0,0,0,0,0,0,0,0,0,2,0,0,0,0,6,0,0,0,0
No-46,0,0,0,0,0,2,0,0,0,0,0,0,0,0,0,0,0,36,2,0,0,0,0,0,0,1,0,0,0,0,0,0,1,0,0,0,0,0,0,0,0,0,0,0,0,4,1,0,17,0,2,293,0,0,8,0,3,1,1,0,0,0,0,0,0,0,18,0,0,0,2,0,0,0,0,0,0,0,0,0,12,0,0,1,0,0,0,0,0,0,0,0,0,0,6,0,0,0,1,0,2,0,0,0,0,0,0,0,0,0,0,0,1,0,0,0,6,12,0,0,0,0,0,0,0,0,0,0,0,1,0,0,0,0,1,0,0,0,1,0,1,0,0,0,4,0,0,0,0,0,2,0,0,0,0,7,0,0,135,0,0,0,0,0,3,0,4,0,0,0,0,0,0,0,0,9,0,0,0,0,0,0,0,0,0,0,0,2,0,0,0,0,0,0,0,0,0,0,5,0,1,0,0,0,0,0,0,0,0,0,0,7,0,56607,1,0,0,0,0,108,0,0,0,0,0,0,0,0,0,10,0,0,0,0,0,0,0,0,0,0,0,41,0,0,0,0,0,0,1,0,2240,1,44,0,0,0,0,14,0,0,0,0,0,0,0,0,0,0,0,0,0,0,0,0,0,0,0,0,0,0,19,0,0,0,44,0,1,0,0,0,0,3,0,0,0,0,0,0,0,0,0,0,1,0,0,0,0,0,1,0,0,0,0,0,0,0,1,8,0,0,121,1,0,2,1,0,0,0,0,0,0,2,0,0,1,0,0,0,0,0,0,0,0,0,0,0,0,0,3,0,0,0,0,0,0,0,0,0,0,0,0,0,0,0,0,12,0,0,0,0,0,0,3,0,0,0,0,0,0,7,0,0,0,0,0,0,0,0,0,0,0,1,0,0,0,0,0,0,0,0,0,0,0,0,0,0,0,0,1,0,0,0,0,0,0,0,16,0,0
No-47,0,0,0,0,0,0,0,0,0,0,0,0,0,0,0,0,0,25,7,0,0,0,0,0,0,0,0,0,0,0,0,1,0,0,0,0,0,0,0,1,0,0,0,0,0,0,0,0,29,0,1,181,1,0,0,0,0,0,3,3,0,0,0,0,0,0,10,0,0,0,1,0,0,0,0,0,0,0,0,0,2,0,0,0,0,0,0,0,0,0,0,0,0,0,0,0,0,0,0,0,0,0,0,0,0,0,0,0,0,0,0,0,1,0,0,0,7,5,0,0,0,0,0,0,0,0,0,0,0,0,0,0,0,0,1,0,0,0,0,0,0,0,0,0,1,0,0,0,0,0,0,0,0,0,0,3,0,0,79,0,0,0,2,0,3,0,1,0,1,0,0,0,0,0,0,16,0,0,0,0,0,0,0,0,0,0,0,3,0,0,0,0,0,0,0,0,0,0,2,0,0,0,0,0,0,0,0,0,0,0,0,1,0,56834,0,0,0,0,0,0,0,0,0,0,1,0,0,0,1,0,0,0,0,0,0,0,0,0,0,0,0,49,0,0,0,0,0,0,0,0,1971,0,66,0,0,0,0,7,0,0,0,0,0,0,0,0,0,0,0,0,0,0,0,0,0,0,0,0,0,0,50,0,0,0,91,0,0,0,0,0,0,0,0,0,0,0,0,0,0,0,0,0,0,0,0,0,0,0,0,0,0,0,0,0,0,0,0,6,0,1,2,0,0,0,0,0,0,0,0,0,0,0,0,0,0,0,0,6,0,0,0,0,0,0,0,0,0,0,0,2,0,0,0,0,0,0,0,0,0,0,0,0,0,0,0,7,0,0,0,0,0,0,1,0,0,0,0,0,0,22,0,0,0,0,0,0,0,0,0,0,0,0,0,0,0,0,0,0,0,0,0,0,0,0,0,0,0,0,2,1,0,0,0,0,0,0,0,0,0
No-48,0,0,0,0,0,0,0,0,0,0,0,2,0,0,0,0,0,33,5,0,0,0,0,0,0,0,0,0,0,0,0,0,1,0,0,0,0,0,0,0,0,0,0,0,0,1,0,0,4,0,3,238,0,0,15,0,0,0,2,3,0,0,0,0,0,0,31,0,0,0,2,0,0,6,0,0,0,0,0,0,56,0,0,2,0,0,0,0,0,1,0,0,0,2,2,0,0,0,2,0,1,0,0,2,0,0,0,0,0,0,0,0,2,0,0,0,7,18,0,2,0,0,0,0,0,0,0,0,0,0,0,0,0,0,0,0,0,0,0,0,0,0,0,0,5,1,0,0,0,1,0,0,0,0,0,21,0,0,151,0,0,0,0,0,1,0,8,0,0,0,0,0,0,0,0,1,0,0,0,0,0,0,0,1,0,0,0,1,1,0,0,0,0,0,0,0,0,0,18,0,1,0,0,0,0,0,0,0,0,0,1,3,0,63037,0,0,0,0,0,55,0,0,0,0,0,0,0,0,0,4,0,0,0,0,0,1,0,0,0,0,0,78,0,0,0,0,0,0,0,0,2716,1,20,0,0,0,0,5,0,0,0,0,0,0,0,0,0,0,0,0,0,0,0,0,0,0,0,0,0,0,79,0,0,0,184,0,0,0,0,0,0,1,0,0,0,0,0,0,0,0,0,1,1,0,0,0,0,0,1,0,0,0,1,0,2,0,0,3,0,0,30,3,0,2,0,0,0,0,0,0,0,0,0,0,0,0,0,1,0,0,0,0,0,0,0,1,0,1,2,1,0,0,0,0,1,0,0,1,0,0,0,0,0,0,1,11,0,0,0,0,0,0,0,0,0,0,0,0,0,12,0,0,0,0,0,0,0,0,0,0,0,0,1,0,0,0,0,0,0,0,0,0,2,0,0,0,0,0,1,0,0,0,0,0,1,0,4,0,0
No-57,0,1,0,0,0,1,0,0,0,0,0,1,0,0,0,0,0,55,3,0,0,0,0,0,0,0,0,0,0,0,0,0,2,0,0,0,0,0,0,0,1,0,0,0,0,1,1,0,15,0,0,302,0,0,21,0,0,0,4,2,0,0,0,0,0,0,27,1,0,0,0,0,0,0,0,0,0,0,0,0,35,0,0,0,0,0,0,0,0,0,0,0,0,0,7,0,0,0,0,0,0,0,0,0,0,0,0,0,0,0,0,0,1,0,0,0,5,3,0,0,0,0,0,1,0,0,0,0,0,0,0,0,0,0,0,0,0,5,0,0,0,0,0,0,4,0,0,0,0,0,0,0,0,0,0,18,0,0,151,0,0,0,3,0,6,0,2,0,0,0,0,0,0,0,0,7,0,0,0,0,0,0,0,0,0,0,0,1,0,0,0,0,0,0,0,0,0,0,0,0,0,0,0,0,0,0,0,0,0,0,0,0,0,59514,0,0,0,0,0,58,0,0,0,0,0,0,0,0,0,0,0,0,0,0,0,1,0,0,0,0,0,10,0,0,0,0,0,0,0,0,2514,0,51,0,0,0,0,12,0,0,0,1,0,0,0,0,0,0,0,0,0,0,0,0,0,0,0,0,0,0,95,0,0,0,139,0,0,0,0,0,0,0,0,0,0,0,0,0,0,0,0,0,2,0,0,1,0,0,0,0,0,0,0,0,0,0,0,5,0,1,130,3,0,0,4,0,0,0,0,0,0,0,0,0,0,0,0,0,0,0,0,0,0,0,0,0,4,0,0,1,0,0,0,0,1,0,0,0,0,0,0,0,0,0,0,21,0,0,0,0,0,0,1,0,0,0,1,0,0,42,0,0,2,0,0,0,1,0,0,0,0,0,0,0,0,0,0,0,0,0,0,0,0,0,0,0,0,0,0,3,0,0,0,0,0,0,0,0,0
No-58,0,0,0,0,0,3,0,0,0,0,0,0,0,0,0,0,0,12,3,0,0,0,0,0,0,0,0,0,0,0,0,0,0,0,0,0,0,1,0,0,0,0,6,0,0,0,0,0,13,0,43,172,0,0,24,0,0,0,1,2,0,0,0,0,0,0,8,0,2,0,2,0,0,0,0,0,0,0,0,0,10,0,0,1,0,1,0,0,0,0,0,0,0,0,1,0,0,0,0,0,0,0,0,0,0,0,0,0,0,0,0,0,2,0,0,0,2,2,0,0,0,0,0,1,0,0,0,0,0,0,0,0,0,1,0,0,0,0,22,0,5,0,0,0,9,0,0,0,0,0,0,0,0,0,0,3,0,0,70,0,0,0,1,0,6,0,1,0,0,0,0,0,0,0,0,6,0,0,0,0,0,0,0,0,0,0,0,0,1,0,0,0,0,0,0,0,0,0,5,0,0,0,0,0,0,0,0,0,0,0,0,4,0,35801,0,0,0,0,0,241,0,0,0,0,0,0,0,0,1,0,0,0,0,0,0,0,0,0,0,0,3,6,0,0,0,0,0,0,0,0,2048,0,108,0,0,0,0,1,0,0,0,0,0,0,0,0,0,0,0,0,0,0,0,0,0,0,0,0,0,0,17,0,0,0,154,0,0,0,0,0,0,0,0,0,0,0,0,0,0,0,2,0,0,0,0,0,0,0,0,0,0,0,0,0,0,0,3,6,0,1,246,8,0,0,4,0,0,0,0,0,0,1,0,0,0,0,0,1,0,0,0,0,0,0,0,0,0,0,1,0,0,0,0,0,3,0,0,0,0,0,0,0,0,1,0,5,0,0,0,0,0,0,0,0,0,0,0,0,0,3,0,0,0,0,0,0,0,0,0,0,0,0,0,0,0,0,0,0,0,0,0,0,0,0,0,0,0,0,0,0,0,0,0,0,0,0,0,0,0
No-59,0,0,0,0,0,4,0,0,0,0,0,0,0,0,0,0,0,20,1,0,0,0,0,0,0,0,0,0,0,0,0,0,0,0,0,0,0,0,0,0,0,0,0,0,0,0,0,0,24,0,0,164,0,0,0,0,0,0,5,1,0,0,0,0,0,0,8,0,1,0,0,0,0,0,0,0,0,0,0,0,11,0,0,1,0,0,0,0,0,0,0,0,0,0,0,0,0,0,2,0,0,0,0,0,0,0,0,0,0,0,0,0,1,0,0,0,19,3,0,0,0,1,0,2,0,0,0,0,0,0,0,0,0,0,0,0,0,0,0,0,0,0,0,0,4,0,0,0,0,0,0,0,0,0,0,4,0,0,85,0,0,0,0,0,2,0,0,0,0,0,0,0,0,0,0,6,0,0,0,0,0,0,0,0,0,0,0,0,0,0,0,0,0,0,0,0,0,0,2,0,0,0,0,0,0,0,0,0,0,0,1,1,0,30746,0,0,0,0,0,1,0,0,0,0,0,0,0,0,0,0,0,0,0,0,0,0,0,0,0,0,0,5,0,0,0,0,0,0,0,0,1168,0,16,0,0,0,0,2,0,0,0,0,0,0,0,0,0,0,0,0,0,0,0,0,0,0,0,0,0,0,2,0,0,0,37,0,0,0,0,0,0,2,0,0,0,0,0,0,0,0,0,0,0,0,0,0,0,0,0,0,1,0,0,0,0,0,0,4,0,0,3,1,0,0,0,0,0,0,0,0,0,0,0,0,0,0,0,0,0,0,0,0,0,0,0,0,0,0,1,0,0,0,0,0,1,0,0,0,0,0,0,0,0,0,0,7,0,0,0,0,0,0,0,0,0,0,1,0,0,0,0,0,0,0,0,0,0,0,0,0,1,0,0,0,0,0,0,0,0,0,0,0,0,0,0,0,0,0,2,0,0,0,0,0,0,0,6,0,0
No-60,0,0,0,0,0,15,0,0,0,0,0,0,0,0,0,0,0,14,0,0,0,0,0,0,0,0,0,0,0,0,0,0,0,0,0,0,0,0,0,0,0,0,0,0,0,0,0,0,1,0,0,128,0,0,8,0,0,0,4,1,0,0,0,0,0,0,3,0,0,0,2,0,0,0,0,0,0,0,0,0,11,0,0,0,0,0,1,0,0,0,0,0,0,0,0,0,0,0,0,0,0,0,0,0,0,0,0,0,0,0,0,0,2,0,0,0,4,2,0,0,0,0,0,0,0,0,0,0,0,0,0,0,0,0,0,0,0,0,0,0,1,0,0,1,1,0,0,0,0,0,0,0,0,1,0,3,0,0,76,0,0,0,0,0,2,0,0,0,0,0,0,0,0,0,0,3,0,0,0,0,0,0,0,1,0,0,0,0,1,0,0,0,0,0,0,0,0,0,3,0,0,0,0,0,0,0,0,0,0,0,0,0,0,21207,0,0,0,0,0,84,0,0,0,0,0,0,0,0,0,0,0,0,0,0,0,0,0,0,0,0,1,8,0,0,0,0,0,0,0,0,1065,0,29,0,0,1,0,1,0,0,0,0,0,0,0,0,0,0,0,0,0,0,0,1,0,0,0,0,0,0,7,0,0,0,11,0,1,0,0,0,0,1,0,0,0,0,0,0,0,0,0,0,0,0,0,0,0,0,0,0,0,0,0,0,0,0,1,1,0,0,46,1,0,0,1,0,0,0,0,0,0,3,0,0,0,0,0,0,0,0,0,0,0,0,0,0,0,0,1,0,0,0,0,0,0,0,0,0,0,0,0,0,0,0,0,10,0,0,0,0,0,0,1,0,0,0,0,0,0,0,0,0,1,0,0,0,0,0,0,0,0,0,0,0,0,0,0,0,0,0,0,0,0,0,0,0,0,0,0,2,0,0,0,0,0,0,2,0,0
No-69,0,0,0,0,0,1,0,1,0,0,0,0,0,0,0,0,0,20,5,0,0,0,0,0,0,0,0,0,0,0,0,0,0,0,0,0,0,0,0,0,0,0,0,0,0,0,0,0,21,0,0,151,0,0,9,0,0,0,3,2,0,0,0,1,0,0,4,0,0,0,2,0,0,0,0,0,0,0,0,0,1,0,0,0,0,0,0,0,0,0,0,0,0,0,0,0,0,0,0,0,1,0,0,0,0,0,0,0,0,0,0,0,4,0,0,0,5,0,0,1,0,0,0,0,0,0,0,0,0,0,0,0,0,0,0,0,0,0,20,0,1,0,0,0,3,0,0,0,0,0,0,0,0,0,0,6,0,0,106,0,0,0,0,0,0,0,4,0,0,0,0,0,0,0,0,6,0,0,0,0,0,0,0,0,0,0,0,0,0,0,0,0,0,0,0,0,0,0,0,0,0,0,0,0,0,0,0,0,0,0,0,0,0,24200,0,0,0,0,0,152,0,0,0,0,0,0,0,0,0,0,0,0,0,0,0,1,0,0,0,0,1,0,0,0,0,0,0,0,0,0,1392,0,37,0,0,0,0,2,0,0,0,0,0,0,0,0,0,0,0,0,0,0,0,0,0,0,0,0,0,0,19,0,0,0,36,0,0,0,0,0,0,1,0,0,0,0,0,0,0,0,0,0,0,0,0,0,0,0,1,0,0,0,2,0,0,0,2,3,0,0,2,1,0,0,0,0,0,0,0,0,0,1,0,0,0,0,0,0,0,0,0,0,0,0,0,0,0,0,5,0,0,0,0,0,0,0,0,0,0,0,0,0,0,0,0,13,0,0,0,0,0,0,1,0,0,0,0,0,0,3,0,0,0,0,0,0,5,0,0,0,0,0,0,0,0,0,0,0,0,0,1,0,0,0,0,0,0,0,0,1,0,0,0,0,1,0,1,0,0
No-70,0,0,0,0,0,2,0,0,0,0,0,0,0,0,0,0,0,16,0,0,0,0,0,0,0,0,0,0,0,0,0,0,0,0,0,0,0,0,0,0,0,0,0,0,0,0,0,0,3,0,1,169,0,0,0,0,0,0,0,0,0,0,0,0,0,0,0,0,0,0,0,0,0,0,0,0,0,0,0,0,1,0,0,0,0,0,0,0,0,0,0,0,0,0,0,0,0,0,1,0,0,0,0,0,0,0,0,0,0,0,0,0,0,0,0,0,0,0,0,0,0,0,0,1,0,0,0,0,0,0,0,0,0,0,0,0,0,0,0,0,0,0,0,0,1,0,0,0,0,0,0,0,0,0,0,0,0,0,81,0,0,0,1,0,0,0,0,0,0,0,0,0,0,0,0,0,0,0,0,0,0,0,0,0,0,0,0,0,0,0,0,0,0,0,0,0,0,0,0,0,0,0,0,0,0,0,0,0,0,0,0,0,0,25896,0,0,0,0,0,0,0,0,0,0,0,0,0,0,0,0,0,0,0,0,0,0,0,0,0,0,0,2,0,0,0,0,0,0,0,0,761,0,2,0,0,0,0,1,0,0,0,1,0,0,0,0,0,0,0,0,0,0,0,0,0,0,0,0,0,0,1,0,0,0,2,0,0,0,0,0,0,0,0,0,0,0,0,0,0,0,0,0,0,0,0,0,0,0,0,0,0,0,0,0,0,0,0,0,0,0,1,0,0,0,0,0,0,0,0,0,0,0,0,0,0,0,0,0,0,0,0,0,0,0,0,0,0,0,2678,0,0,0,0,0,0,0,0,0,0,0,0,0,0,0,0,4,0,0,0,0,0,0,0,0,0,0,0,0,0,0,0,0,0,0,0,0,0,0,0,0,0,0,0,0,0,0,0,0,0,0,0,0,0,0,0,0,0,0,0,1,0,0,0,0,0,0,4,0,0
No-71,0,0,0,0,0,0,0,0,0,0,0,0,0,0,0,0,0,15,4,0,0,0,0,0,0,1,0,0,0,0,0,0,0,0,0,0,0,0,0,0,0,0,0,0,0,1,0,0,15,0,2,140,0,0,3,0,0,0,4,0,0,0,0,0,0,0,10,0,1,0,0,0,0,0,0,0,0,0,0,0,1,0,0,0,0,0,0,0,0,0,0,0,0,0,0,0,0,0,0,0,0,0,0,0,0,0,0,0,0,0,0,0,1,0,0,0,4,4,0,0,0,0,0,0,0,0,0,0,0,1,0,0,0,0,0,0,0,0,0,0,1,0,0,0,0,0,0,0,0,0,0,0,0,0,0,19,0,0,65,0,0,0,0,0,3,0,6,0,0,0,0,0,0,0,0,5,0,0,0,0,0,0,0,0,0,0,0,0,0,0,0,0,0,0,0,0,0,0,1,0,0,0,0,0,0,0,0,0,0,0,0,61,0,27759,0,0,0,0,0,54,0,0,0,0,0,0,0,0,0,0,0,0,0,0,0,0,0,0,0,0,0,2,0,0,0,0,0,0,0,0,1077,0,23,0,0,0,0,6,0,0,0,0,0,0,0,0,0,0,0,0,0,0,0,0,0,0,0,0,0,0,19,0,0,0,95,0,0,0,0,0,0,1,0,0,0,0,0,0,0,0,0,0,0,0,0,0,0,0,0,0,0,0,0,0,0,0,0,14,0,0,10,0,0,0,1,0,0,0,0,0,0,0,0,0,0,0,0,0,0,0,0,0,0,0,0,0,0,0,2,0,0,0,0,0,1,0,0,0,0,0,0,0,0,0,0,11,0,0,0,1,0,0,2,0,0,0,0,0,0,32,0,0,0,0,0,0,0,0,2,0,0,0,0,0,0,0,0,0,0,0,0,0,0,0,0,0,0,1,0,0,0,0,0,0,0,0,0,0,0
No-72,0,0,0,0,0,0,0,0,0,0,0,1,0,0,0,0,0,21,0,0,0,0,0,0,0,0,0,0,0,0,0,0,0,0,0,0,0,0,0,0,0,0,1,0,0,0,0,0,2,0,0,179,0,0,0,0,2,0,1,0,0,0,0,1,0,0,5,0,1,0,1,0,0,0,0,0,0,0,0,0,1,0,0,0,0,0,3,0,0,0,0,0,0,0,0,0,0,0,3,0,0,0,0,0,0,0,0,0,0,0,0,0,0,0,0,0,2,12,0,0,0,0,0,0,0,0,0,0,0,0,0,0,0,0,0,0,0,0,0,0,0,0,0,0,1,0,0,0,0,0,0,0,0,0,0,3,0,0,73,0,0,0,0,0,1,0,0,0,0,0,0,0,0,0,0,11,0,0,1,0,0,0,0,0,0,0,0,2,0,0,0,0,0,0,0,0,0,0,1,0,0,0,0,0,0,0,0,0,0,0,1,6,0,28292,1,0,0,0,0,2,0,0,0,0,0,0,0,0,0,0,0,0,0,0,0,0,0,0,0,0,0,10,0,0,0,0,0,0,0,1,1276,0,12,0,0,0,0,4,0,0,0,0,0,0,0,0,0,0,0,0,0,0,0,0,0,0,0,0,0,0,10,0,0,0,35,0,0,0,0,0,0,1,0,0,0,0,0,0,0,0,0,0,1,0,0,0,0,0,3,0,0,0,0,0,0,0,3,9,0,0,70,1,1,0,6,0,0,0,0,0,0,0,0,0,0,0,0,0,0,0,0,0,0,0,0,0,0,0,0,0,0,0,0,0,1,0,0,0,0,0,0,0,0,0,0,42,0,0,0,0,0,2,0,0,0,0,0,0,0,10,0,0,0,0,0,0,1,0,1,0,0,0,0,0,0,0,0,0,0,0,0,0,0,0,0,0,0,0,2,0,0,0,0,0,0,0,1,0,0
No-81,0,0,0,0,0,0,0,0,0,0,0,0,0,0,0,0,0,11,2,0,0,0,0,0,0,0,0,0,0,0,0,0,0,0,0,0,0,0,0,0,0,0,1,0,0,0,0,0,16,0,0,175,0,0,0,0,0,0,2,0,0,0,0,0,0,0,7,0,0,0,1,0,0,0,0,0,0,0,0,0,32,0,0,6,0,0,0,0,0,0,0,0,0,0,0,0,0,0,0,0,0,0,0,0,0,0,0,0,0,0,0,0,0,0,0,0,2,0,0,0,0,0,0,0,0,0,0,0,0,0,0,0,0,0,0,0,0,0,0,0,0,0,0,0,0,0,0,0,0,0,0,0,0,0,0,4,0,0,69,0,0,0,0,0,1,0,0,0,0,0,0,0,0,0,0,3,0,0,0,0,0,0,0,0,0,0,1,0,0,0,0,0,0,0,0,0,0,0,1,0,0,0,0,0,0,0,0,0,0,0,0,1,0,22139,0,0,0,0,0,0,0,21,0,0,0,0,0,0,0,5,0,0,0,0,0,0,0,0,0,0,0,5,0,0,0,0,0,0,0,0,951,0,16,0,0,0,0,0,0,0,0,0,0,0,0,0,0,0,0,0,0,0,0,1,0,0,0,0,0,0,26,0,0,0,22,0,0,0,0,0,0,0,0,0,0,0,0,0,0,0,0,0,0,0,0,0,0,0,0,0,0,0,0,0,0,0,0,0,0,0,116,1,0,0,0,0,0,0,0,0,0,1,0,0,0,0,0,2,0,0,0,0,0,0,0,0,0,0,0,0,0,0,0,0,0,0,0,0,0,0,0,0,0,0,1,2,0,0,0,0,0,0,2,0,0,0,0,0,0,0,0,0,0,0,0,0,0,0,0,0,1,0,0,0,0,0,0,0,0,0,0,0,0,0,0,0,0,0,0,0,0,0,0,0,0,0,13,0,0
No-82,0,0,0,0,0,2,0,0,0,0,0,0,0,0,0,0,0,15,0,0,0,0,0,0,0,0,0,0,0,0,0,0,1,0,0,1,0,0,0,0,0,0,0,0,0,0,0,0,5,0,8,185,0,0,5,0,1,0,1,0,0,0,0,0,0,2,4,0,2,0,2,0,0,0,0,0,0,0,0,0,71,0,0,1,0,0,1,0,0,0,0,0,0,0,0,0,0,0,5,0,0,0,0,0,0,0,0,0,0,0,0,0,3,0,0,0,0,21,0,0,0,0,0,0,0,0,0,0,0,0,0,0,0,0,0,0,0,0,3,0,1,0,0,1,4,1,0,0,0,0,0,0,0,0,0,20,0,0,131,0,0,0,0,0,2,0,7,0,0,0,0,0,0,0,0,16,0,0,0,0,0,0,0,0,0,0,0,1,1,0,0,0,0,0,0,0,0,0,4,0,0,0,0,0,0,0,0,0,0,0,0,17,0,44155,0,0,0,0,0,1,0,0,0,0,0,0,0,0,0,2,0,0,0,0,1,0,0,0,0,0,1,8,0,0,0,0,0,0,0,0,2307,2,17,0,0,0,0,2,0,0,0,0,0,0,1,0,1,0,0,0,0,0,0,0,0,0,0,0,0,0,30,0,0,0,90,0,0,0,0,0,0,0,0,0,0,0,0,0,0,0,0,0,0,0,0,0,0,0,6,0,1,0,2,0,0,0,1,4,0,0,35,0,0,0,0,0,0,0,0,0,0,0,0,0,1,0,0,0,0,0,0,0,0,0,0,0,0,0,1,0,0,0,0,0,2,0,0,0,1,0,0,0,0,0,0,10,0,0,0,0,0,0,0,0,0,0,0,0,0,7,0,0,0,0,0,0,0,0,0,0,1,0,0,0,0,0,0,0,0,0,0,0,0,0,0,0,0,0,1,0,0,0,0,0,0,0,0,0,0
No-83,0,0,0,0,0,0,0,0,0,0,0,1,0,0,0,0,0,5,0,0,0,0,0,0,0,0,0,0,0,0,0,0,0,0,0,0,0,0,0,0,0,0,0,0,0,0,0,0,0,0,2,140,0,0,1,0,2,0,0,0,0,0,0,0,0,0,3,0,0,0,0,0,0,0,0,0,0,0,0,0,5,0,0,0,0,0,0,0,0,1,0,0,0,0,0,0,0,0,0,0,0,0,0,0,0,0,0,0,0,0,0,0,1,0,0,0,2,4,0,0,0,0,0,0,0,0,0,0,0,0,0,0,0,0,0,0,0,0,0,0,1,0,0,0,2,0,0,0,0,0,0,0,0,0,0,3,0,0,38,0,0,0,0,0,0,0,3,0,0,0,0,0,0,0,0,4,0,0,0,0,0,0,0,0,0,0,0,0,1,0,0,0,0,0,0,0,0,0,2,0,1,0,0,0,0,0,0,0,0,0,0,0,0,15233,0,0,0,0,0,20,0,0,0,0,0,0,0,0,0,0,0,0,0,0,0,0,0,0,0,0,0,14,0,0,0,0,0,0,0,0,4020,0,22,0,0,0,0,0,0,0,0,0,0,0,0,0,0,0,0,0,0,0,0,0,0,0,0,0,0,0,26,0,0,0,12,0,0,0,0,0,0,0,0,0,0,0,0,0,0,0,0,0,0,0,0,0,0,0,0,0,0,0,0,0,1,0,0,4,0,0,5,0,0,1,1,0,0,0,0,0,0,0,0,0,0,0,0,0,0,0,0,0,0,0,0,0,0,0,21210,0,0,0,0,0,0,0,0,0,0,0,0,0,0,0,0,6,0,0,0,0,0,0,0,0,0,0,0,0,0,1,0,0,0,0,0,0,0,0,0,0,0,0,0,0,0,0,0,0,0,0,0,0,0,0,0,0,0,0,0,0,0,0,0,0,0,0,0,0,0
No-84,0,0,0,0,0,1,0,0,0,0,0,0,0,0,0,0,0,23,0,0,0,0,0,0,0,0,0,0,0,0,0,0,0,0,0,0,0,0,0,0,0,0,0,0,0,0,0,0,2,0,0,200,0,0,0,0,0,0,0,0,0,0,0,0,0,0,1,0,0,0,0,0,0,0,0,0,0,0,0,0,18,0,0,3,0,0,0,0,0,0,0,0,0,0,3,0,0,0,0,0,0,0,0,0,0,0,0,0,0,0,0,0,0,0,0,0,2,23,0,0,0,0,0,0,0,0,0,0,0,0,0,0,0,0,0,0,0,0,2,0,0,0,0,0,2,0,0,0,0,0,0,0,0,0,0,6,0,0,114,0,0,0,0,0,0,0,2,0,0,0,0,0,0,0,0,7,0,0,0,0,0,0,0,0,0,0,0,0,0,0,0,0,0,0,0,0,0,0,2,0,0,0,0,0,0,0,0,0,0,0,1,2,0,40908,0,0,0,0,0,0,0,0,0,0,0,0,0,0,0,0,0,0,0,0,0,0,0,0,0,0,0,18,0,0,0,0,0,0,0,0,1480,0,8,0,0,0,0,1,0,0,0,0,0,0,0,0,1,0,0,0,0,0,0,0,0,0,0,0,0,0,13,0,0,0,14,0,0,0,0,0,0,0,0,0,0,0,0,0,0,0,0,0,0,0,0,0,0,0,2,0,0,0,0,0,0,0,0,8,0,0,8,0,0,1,0,0,0,0,0,0,0,0,0,0,0,0,0,0,0,0,0,0,0,0,0,0,0,0,1,0,0,0,0,0,0,0,0,0,0,0,0,0,0,0,0,2,0,0,0,0,0,0,1,0,0,0,1,0,0,0,0,0,0,0,0,0,0,0,0,0,0,0,0,0,0,0,0,0,0,0,0,0,0,0,0,0,0,0,2,0,0,0,0,0,0,0,0,0,0
No-93,0,0,0,0,0,0,0,0,0,0,0,0,0,0,0,0,0,15,3,0,0,0,0,0,0,0,0,0,0,0,0,0,0,0,0,0,0,0,0,0,0,0,0,0,0,0,0,0,9,0,7,179,0,0,2,0,5,0,2,1,0,0,0,0,0,2,6,1,0,0,2,0,0,0,0,0,0,0,0,0,3,0,0,0,0,0,0,0,0,0,0,0,0,0,0,0,0,0,0,0,0,0,0,0,0,0,0,0,0,0,0,0,1,0,0,0,1,4,0,0,0,0,0,0,0,0,0,0,1,0,0,0,0,0,0,0,0,0,0,0,0,0,0,0,1,0,0,0,0,0,0,0,0,0,0,8,0,0,95,0,0,0,0,0,1,0,10,0,0,0,0,0,0,0,0,1,0,0,0,0,0,0,0,0,0,0,0,0,1,0,0,0,0,0,0,0,0,0,3,0,0,0,0,0,0,0,0,0,0,0,0,4,0,31913,0,0,0,0,0,45,0,0,0,0,0,0,0,0,0,0,0,0,0,0,0,1,0,0,0,0,1,4,0,0,0,0,0,0,0,0,1475,0,20,0,0,0,0,1,0,0,0,0,0,0,0,0,10,0,0,0,0,0,0,0,0,0,0,0,0,0,17,0,0,0,27,0,0,0,0,0,0,0,0,0,0,0,0,0,0,0,0,0,0,0,0,0,0,0,0,0,0,0,0,0,0,0,0,1,0,0,112,2,0,1,0,0,0,0,0,0,0,1,0,0,0,0,0,0,0,0,0,0,0,0,0,0,0,0,2,0,0,0,0,0,0,0,0,0,0,0,0,0,0,0,0,4,0,0,0,0,0,0,3,0,0,0,0,0,0,0,0,0,1,0,0,0,0,0,0,0,0,1,0,0,0,0,0,0,0,0,0,0,0,0,0,0,0,0,0,0,0,0,0,0,0,0,1,0,0
No-94,0,0,0,0,0,1,0,0,0,0,0,0,0,0,0,0,0,20,1,0,0,0,0,0,0,0,0,0,0,0,0,0,3,0,0,0,0,0,0,0,0,0,0,0,0,0,0,0,7,0,1,131,0,0,4,0,1,0,1,1,0,0,0,0,0,0,20,0,0,0,4,0,0,0,0,0,0,0,0,0,23,0,0,0,0,0,0,3,0,0,0,0,0,0,25,0,0,0,5,0,4,0,0,0,0,0,0,0,0,0,0,0,2,0,0,0,4,17,0,0,0,0,0,0,0,0,0,0,0,0,0,0,0,0,0,0,0,0,21,0,0,0,0,0,1,0,0,0,0,0,0,0,0,0,0,5,0,0,57,0,0,0,0,0,2,0,0,0,0,0,0,0,0,0,0,7,0,0,0,0,0,0,0,1,0,0,0,1,0,0,0,0,0,0,0,0,0,0,2,0,0,0,0,0,0,0,0,0,0,0,0,6,0,28044,0,0,0,0,0,47,0,0,0,0,0,0,0,0,0,1,0,0,0,0,0,0,0,0,0,0,0,20,0,0,0,0,0,0,0,0,1317,7,5,0,0,0,0,1,0,0,0,0,0,0,0,0,0,0,0,0,0,0,0,0,0,0,0,0,0,0,40,0,0,0,88,0,0,0,0,0,0,0,0,0,0,0,0,0,0,0,0,0,0,0,0,0,0,0,0,0,0,0,0,0,0,0,1,0,0,0,12,13,0,0,0,0,0,0,0,0,0,0,0,0,0,0,0,1,0,0,0,0,0,0,0,0,0,0,1,0,0,0,0,0,0,0,0,0,0,0,0,0,0,0,0,9,0,0,0,0,0,0,0,0,0,0,0,0,0,143,0,0,0,0,0,0,0,0,0,0,0,0,0,0,0,0,0,0,0,1,0,0,0,0,0,0,0,0,3,0,0,0,0,0,1,0,12,0,0
No-95,0,0,0,0,0,2,0,0,0,0,0,0,0,0,0,0,0,11,0,0,0,0,0,0,0,0,0,0,0,0,0,0,0,0,0,0,0,0,0,0,0,0,0,0,0,0,1,0,6,0,0,111,0,0,1,0,0,0,1,0,0,0,0,0,0,0,8,0,1,0,0,0,0,0,0,0,0,0,0,0,0,0,0,0,0,0,0,0,0,0,0,0,0,0,0,0,0,0,0,0,1,0,0,0,0,0,0,0,0,0,0,0,0,0,0,0,0,5,0,0,0,0,0,0,0,0,0,0,0,5,0,0,0,0,0,0,0,0,11,0,1,0,0,0,0,0,0,0,0,0,0,0,0,0,0,25,0,0,61,0,0,0,0,0,0,0,3,0,0,0,0,0,0,0,0,2,0,0,0,0,0,0,0,0,0,0,0,0,0,0,0,0,0,0,0,0,0,0,1,0,0,0,0,0,0,0,0,0,0,0,1,2,0,23208,0,0,0,0,0,9,0,0,0,0,0,0,0,0,0,0,0,0,0,1,1,0,0,0,0,0,0,1,0,0,0,0,0,0,0,0,905,0,2,0,0,0,0,0,0,0,0,0,0,0,0,0,0,0,1,0,0,0,0,0,0,0,0,0,0,0,9,0,0,0,150,0,0,0,0,0,0,0,0,0,0,0,0,0,0,0,0,0,0,0,0,0,0,0,1,0,0,0,0,0,0,0,0,3,0,0,12,0,0,0,0,0,0,0,0,0,0,3,0,0,0,0,0,0,0,0,0,0,0,0,0,0,0,0,0,0,0,0,0,0,0,0,0,0,0,0,0,0,0,0,0,9,0,0,0,0,0,0,0,0,0,0,0,0,0,6,0,0,0,0,0,0,0,0,0,0,2,0,0,0,0,0,0,0,0,0,0,0,0,0,0,0,0,0,1,0,0,0,0,0,0,0,3,0,0
No-96,0,0,0,0,0,2,0,0,0,0,0,0,0,0,0,0,0,17,0,0,0,0,0,0,0,0,0,0,0,0,0,0,0,0,0,0,0,0,0,0,0,0,0,0,0,0,0,0,20,0,0,154,1,0,1,0,0,0,1,0,0,0,0,0,0,0,5,0,2,0,0,0,0,0,0,1,0,0,0,0,17,0,0,0,0,0,0,0,0,0,0,0,0,0,0,0,0,0,0,0,0,0,0,0,0,0,0,0,0,0,0,0,2,0,0,0,1,0,0,0,0,0,0,0,0,0,0,0,0,0,0,0,0,0,0,0,0,0,0,0,0,0,0,0,1,0,0,0,0,0,0,0,0,0,0,3,0,0,92,0,0,0,0,0,1,0,1,0,0,0,0,0,0,0,0,0,0,0,0,0,0,0,0,0,0,0,0,0,0,0,0,0,0,0,0,0,0,0,0,0,0,0,0,0,0,0,0,0,0,0,0,1,0,33255,0,0,0,0,0,25,0,0,0,0,0,0,0,0,0,0,0,0,0,0,0,0,0,0,0,0,0,1,0,0,0,0,0,0,0,0,1035,0,2,0,0,0,0,0,0,0,0,0,0,0,0,0,1,0,0,0,0,0,0,0,0,0,0,0,0,0,32,0,0,0,21,0,0,0,0,0,0,0,0,0,0,0,0,0,0,0,0,0,0,0,0,0,0,0,0,0,0,0,0,0,0,0,0,0,0,0,8,1,0,0,0,0,0,0,0,0,0,0,0,0,0,0,0,0,0,0,0,0,0,0,0,0,0,0,2,0,0,0,0,0,2,0,0,0,0,0,0,0,0,0,0,0,0,0,0,0,0,0,1,0,0,0,1,0,0,3,0,0,0,0,0,0,0,0,0,0,0,0,0,0,0,0,0,0,0,0,0,0,0,0,0,0,0,0,0,1,0,0,0,0,0,0,3,0,0
No-Gifu1,0,0,0,0,0,0,0,0,0,0,0,0,0,0,0,0,0,3,1,0,0,0,0,0,0,0,0,0,0,0,0,0,0,0,0,0,0,2,0,0,0,0,0,0,0,1,1,0,0,0,0,34,0,0,0,0,0,0,0,0,0,0,0,0,0,0,0,0,0,0,1,0,0,0,0,0,0,0,0,0,0,0,0,0,0,0,0,0,0,0,0,0,0,0,0,0,0,0,1,0,0,0,0,0,0,0,0,0,0,0,0,0,0,0,0,0,4,0,0,1,0,0,0,0,0,0,0,0,0,0,0,0,0,0,0,0,0,0,0,0,0,0,0,0,2,0,0,0,0,0,0,0,0,0,0,0,0,0,16,0,0,0,0,0,0,0,8,0,1,0,0,0,0,0,0,1,0,0,0,0,0,0,0,0,0,0,0,0,0,0,0,0,0,0,0,0,0,0,0,0,0,0,0,0,0,0,0,0,1,0,0,0,0,35731,0,0,0,0,0,0,0,1,0,0,0,0,0,0,0,2,0,0,0,0,0,0,0,0,0,0,0,2,0,0,0,0,0,0,0,0,469,0,6,0,0,0,0,0,0,0,0,0,0,0,0,0,0,0,0,0,0,0,0,0,0,0,0,0,0,0,6,0,0,0,21,0,0,0,0,0,0,0,0,0,0,0,0,0,0,0,0,0,0,0,0,0,0,0,0,0,0,0,0,0,0,0,0,2,0,1,23,0,0,0,0,0,0,0,0,0,0,0,0,0,0,0,0,0,0,0,0,0,0,0,0,0,0,0,1668,0,0,0,0,0,0,0,0,0,0,0,0,0,0,0,0,2,0,0,0,0,0,0,0,0,0,0,0,0,0,4,0,0,0,0,0,0,0,0,0,0,0,0,0,0,0,0,0,0,0,0,0,0,0,0,0,0,0,0,0,0,0,0,0,0,0,0,1,0,0
No-Gifu2,0,0,0,0,0,0,0,0,0,0,0,0,0,0,0,0,0,9,3,0,0,0,0,0,0,0,0,0,0,0,0,0,0,0,0,0,0,0,0,0,0,0,0,0,0,0,0,0,1,0,0,34,0,0,0,0,1,0,2,0,0,0,0,0,0,0,2,0,0,0,4,0,0,0,0,0,0,0,0,0,4,0,0,0,0,0,0,0,0,0,0,0,0,0,0,0,0,0,1,0,0,0,0,0,0,0,0,0,0,0,0,0,0,0,0,0,1,1,0,2,0,0,0,0,0,0,0,0,0,0,0,0,0,0,0,0,0,0,1,0,0,0,0,0,1,0,0,0,0,0,0,0,0,0,0,1,0,0,26,0,0,0,0,0,1,0,1,0,0,0,0,0,0,0,0,1,0,0,0,0,0,0,0,0,0,0,0,1,0,0,0,0,0,0,0,0,0,0,5,0,0,0,0,0,0,0,0,0,0,0,0,3,0,46058,0,0,0,0,0,0,0,0,0,0,0,0,0,0,0,0,0,0,0,0,1,0,1,0,0,0,0,2,0,0,0,0,0,0,0,0,452,0,20,0,0,0,0,0,0,0,0,0,0,0,0,0,0,0,0,0,0,0,0,0,0,0,0,0,0,0,3,0,0,0,17,0,0,0,0,0,0,0,0,0,0,0,0,0,0,0,0,0,0,0,0,0,0,0,0,0,0,0,0,0,0,0,0,4,0,0,12,1,0,0,0,0,0,0,0,0,0,0,0,0,0,0,0,0,0,0,0,0,0,0,0,0,0,1,1560,0,0,0,0,0,2,0,0,0,0,0,0,0,0,0,0,5,0,0,0,0,0,0,1,0,0,0,0,0,0,10,0,0,0,0,0,0,0,0,0,0,0,0,0,0,0,0,0,0,0,0,0,0,0,0,0,0,0,0,0,0,0,0,0,0,1,0,0,0,0
No-Gifu3,0,0,0,0,0,0,0,0,0,0,0,0,0,0,0,0,0,4,1,0,0,0,0,0,0,1,0,0,0,0,0,0,0,0,0,0,0,3,0,0,0,0,0,0,0,0,0,0,2,0,0,27,0,0,0,0,1,0,1,0,0,0,0,0,0,0,3,0,0,0,3,0,0,0,0,0,0,0,0,0,4,0,0,0,0,0,1,0,0,0,0,0,0,0,0,0,0,0,0,0,0,0,0,0,0,0,0,0,0,0,0,0,2,0,0,0,1,0,0,0,0,0,0,0,0,0,0,0,0,0,0,0,0,0,0,0,0,0,0,0,1,0,0,1,3,0,0,0,0,0,0,0,0,0,0,0,0,0,22,0,0,0,0,0,1,0,0,0,0,0,0,0,0,0,0,1,0,0,0,0,0,0,0,0,0,0,0,0,0,0,0,0,0,0,0,0,0,0,9,0,0,0,0,0,0,0,0,0,0,0,0,3,0,39087,0,0,0,0,0,0,0,2,0,0,0,0,0,0,0,0,0,0,0,0,0,0,0,0,1,0,0,0,0,0,0,0,0,0,0,0,373,0,9,0,0,0,0,0,0,0,0,2,0,0,0,0,0,0,0,0,0,0,0,0,0,0,0,0,0,0,5,0,0,0,23,0,0,0,0,0,0,0,0,0,0,0,0,0,0,0,0,0,0,0,0,0,0,0,0,0,0,0,0,0,0,0,0,4,0,1,46,1,0,0,0,0,0,0,0,0,0,0,0,0,0,0,0,0,0,0,0,0,0,0,0,0,0,0,0,0,0,0,0,0,0,0,0,0,0,0,0,0,0,0,0,6,0,0,0,0,0,0,0,0,0,0,0,0,0,0,0,0,0,0,0,0,1,0,0,0,0,0,0,1,0,0,0,0,0,0,0,0,0,0,0,0,0,0,1,0,0,0,0,0,0,0,0,0,0
No-Gifu4,0,0,0,0,0,0,0,0,0,0,0,3,0,0,0,0,0,3,1,0,0,0,0,0,0,0,0,0,0,0,0,0,0,0,0,0,0,1,0,0,0,0,0,0,0,0,0,0,5,0,2,38,0,0,2,0,1,0,0,0,0,0,0,0,0,0,6,0,0,0,2,0,0,0,0,0,0,0,0,0,9,0,0,1,0,0,0,0,0,0,0,0,0,0,0,0,0,0,2,0,0,0,0,0,0,0,0,0,0,0,0,0,1,0,0,0,2,5,0,1,0,0,0,0,0,0,0,0,0,0,0,0,0,0,0,0,1,0,28,0,1,0,0,1,6,0,0,0,0,0,1,0,0,0,0,1,0,0,21,0,0,0,0,0,1,0,9,0,0,0,0,0,0,1,0,3,0,0,0,0,0,0,0,1,0,0,0,1,0,0,0,0,0,0,0,0,0,0,32,0,0,0,0,0,0,0,0,0,0,0,1,9,0,29551,0,0,0,0,0,0,0,0,0,0,0,0,0,0,0,1,0,0,0,0,0,1,0,0,0,0,0,2,0,0,0,0,0,0,0,0,558,0,21,0,0,0,0,1,0,0,0,0,0,0,0,0,0,0,0,0,0,0,0,0,0,0,0,0,0,0,2,0,0,0,32,0,0,0,0,0,0,0,0,0,0,0,1,0,0,0,0,0,0,0,0,0,0,0,1,0,0,0,1,0,0,0,0,8,0,1,23,1,0,2,1,0,0,0,0,0,0,0,0,0,0,0,0,2,0,0,0,0,0,0,0,0,0,0,3808,0,0,0,0,0,2,0,0,0,0,0,0,0,0,0,0,11,0,0,0,0,0,0,2,0,0,0,0,0,0,4,0,0,0,0,0,0,0,0,0,0,0,0,0,0,0,0,0,0,0,1,0,0,0,0,0,0,0,0,7,1,0,0,0,0,0,0,2,0,0
Rh-29,2,1,0,0,1,15,0,0,0,0,0,10,0,0,7,0,0,0,0,0,0,0,0,0,11,8,0,0,0,0,1,155,0,1,0,0,0,8,0,0,4,0,0,0,0,20,19,8,57,79,8599,0,589,6,1299,0,30,31,2,60,0,0,0,4,0,23,74,0,19,4,159,3,0,0,0,0,0,0,2,0,362,2,1,0,1,3,1,18,0,158,1,0,0,10,1,1,0,0,635,0,3,3,0,8,6,0,1,0,57,1,0,0,71,0,2,1,58,1586,1,9,0,11,0,1,0,1,0,0,0,0,0,0,0,0,13,0,7,1,170,0,158,0,1,2,272,421,7,0,0,0,3,0,1,1,0,812,0,0,0,0,5,1,346,5,28,0,37,1,7,0,0,6,0,1,2,0,1,0,1,0,11,0,0,15,1,0,0,24,15,0,2,0,0,0,0,0,0,0,44,1,3,0,0,0,0,0,0,0,5,62,13,350,0,229,0,0,3,0,0,213,0,2,0,0,0,7,44,3,2,56,0,0,0,0,10,0,0,0,3,0,0,13,0,0,0,2,7,38,4,34,19518,125,799,1,0,5,0,69,2,0,3,2,5,0,6,0,132,1,0,6,0,1,0,0,0,0,0,0,17,60,980,11,0,0,1530,1,2,0,0,0,0,9,0,0,1,0,5,0,3,5,5,3,2,0,0,1,1,4,65,0,3,8,10,0,0,2,6,494,0,14,123,136,8,112,5,0,0,0,1,2,0,23,7,1,19,0,0,4,1,0,0,0,1,0,0,0,5,4,62,4,0,0,2,1,7,0,0,1,15,4,0,1,0,1,39,460,1,0,1,11,0,5,0,0,2,0,13,0,2,108,0,0,1,1,0,2,3,2,6,0,10,5,12,1,1,0,1,0,0,8,2,0,25,0,1,15,1,17,40,0,0,0,0,0,0,0,13,0,0
Rh-30,1,1,0,0,0,17,0,1,0,1,0,3,1,0,5,0,0,0,0,0,0,1,0,0,20,12,0,0,0,0,0,299,1,1,0,1,0,11,0,0,1,0,2,1,0,30,21,3,31,126,8983,0,1058,0,2015,0,25,33,6,95,0,0,1,7,0,13,56,0,43,3,62,2,0,0,0,0,0,0,0,0,205,4,1,0,0,3,0,2,0,378,1,0,0,7,0,0,0,0,275,0,4,15,0,5,145,0,2,0,32,6,0,1,74,0,6,3,32,712,0,16,1,19,0,0,1,2,0,0,1,1,1,0,1,0,19,0,12,2,152,0,258,0,2,3,516,697,3,0,1,1,0,0,0,2,0,611,0,0,0,1,6,0,467,9,22,0,43,0,4,0,0,13,1,0,3,0,0,0,3,0,1,0,0,14,1,2,0,36,13,0,0,0,0,0,0,0,0,0,15,0,9,3,2,0,2,0,0,0,18,39,29,250,0,28,2,0,1,0,0,267,0,0,0,0,1,13,31,3,5,31,0,0,0,0,22,0,4,3,6,0,0,16,0,0,1,5,5,47,1,31,20458,67,915,1,0,4,0,69,6,0,9,0,7,0,3,0,23,0,0,25,0,2,0,0,0,0,0,0,15,119,444,16,0,1,1781,0,2,5,0,0,0,15,0,0,0,0,3,0,0,10,3,4,2,0,1,0,0,2,7,0,8,1,8,0,1,2,4,485,0,35,125,33,10,148,4,0,0,0,1,0,0,26,14,1,25,0,0,5,2,0,0,0,5,2,0,0,0,6,64,11,0,0,0,0,6,0,0,1,1,9,0,0,0,0,8,536,1,0,1,13,1,9,0,0,2,0,8,0,6,63,0,0,1,1,0,0,3,1,8,0,5,2,16,4,3,0,0,0,0,13,2,0,15,0,0,10,0,17,34,0,0,2,0,0,0,0,21,1,0
Rh-31,1,1,2,0,2,14,0,1,0,1,0,8,0,0,2,0,0,0,0,1,0,0,0,0,17,9,1,0,1,0,1,37,0,0,1,1,0,9,0,0,4,0,0,0,0,10,15,0,40,9,9150,0,96,0,1391,0,39,16,2,65,0,0,0,9,0,18,53,0,13,1,123,10,0,0,0,0,0,0,0,0,192,0,4,0,1,2,0,2,0,44,1,0,0,8,2,0,0,0,411,0,5,14,1,9,3,0,0,0,3,5,0,0,78,0,4,0,39,3186,0,7,0,12,0,2,1,1,0,0,11,0,0,0,0,2,19,0,7,0,89,0,174,0,1,4,270,129,5,0,0,0,1,0,0,0,0,335,0,1,0,1,4,0,230,10,74,0,26,1,4,0,0,14,0,1,2,0,0,0,1,0,5,0,0,8,1,0,0,14,19,0,3,0,1,0,0,0,0,0,7,0,1,2,0,1,0,0,0,0,6,16,23,219,0,28,1,0,3,0,0,181,0,1,0,0,0,5,23,3,1,75,0,0,0,2,19,0,4,2,0,0,0,10,0,0,1,2,7,29,0,27,15448,68,966,0,0,1,0,56,3,0,1,3,1,0,3,0,13,0,0,5,0,0,0,0,0,0,0,0,31,39,1060,5,0,0,713,0,3,2,0,4,0,11,0,0,2,1,3,0,0,5,4,0,1,0,0,0,0,5,44,0,2,8,9,0,1,3,4,315,0,19,49,109,8,106,12,0,0,0,0,0,0,8,8,0,21,0,0,6,0,0,0,0,5,1,0,0,0,2,57,5,0,0,0,0,5,0,0,2,2,11,0,3,0,0,5,434,0,0,0,6,1,3,0,0,0,1,9,0,0,49,0,0,1,3,0,1,9,0,5,2,6,2,16,3,0,0,0,0,0,5,4,0,8,0,1,21,1,15,41,0,0,0,0,0,0,0,9,1,0
Rh-32,2,2,0,1,1,38,0,0,0,1,0,13,0,0,11,0,1,0,0,1,0,0,0,1,21,14,0,0,0,0,0,69,0,0,0,7,0,15,0,0,7,0,9,0,0,25,27,3,62,3,4192,0,209,1,683,0,53,57,13,104,0,0,0,5,0,15,103,0,10,2,71,5,0,1,1,0,0,0,0,0,284,1,3,0,1,13,1,1,0,70,1,0,0,21,3,1,0,0,456,0,9,16,1,13,0,0,0,0,22,3,0,1,163,0,8,0,59,855,0,19,0,21,0,0,0,1,0,0,1,1,1,0,0,1,19,0,19,1,169,0,290,0,2,2,450,205,5,0,0,0,0,0,1,2,0,763,0,0,0,4,1,2,396,2,61,0,36,1,8,0,0,15,0,6,2,0,0,2,1,0,7,0,0,23,0,9,2,26,16,0,3,0,1,0,0,0,0,0,19,0,5,3,1,0,0,0,0,0,10,38,21,314,0,36,1,0,2,0,0,622,0,1,0,0,0,13,39,0,7,40,0,0,0,1,21,0,0,1,5,0,0,9,0,0,0,1,7,64,0,45,22674,106,1188,2,0,15,0,82,15,0,2,3,3,0,2,0,31,0,0,1,0,1,1,0,0,0,0,0,29,61,888,12,0,0,1280,0,1,6,0,3,0,18,0,0,4,1,7,0,0,12,6,4,1,0,1,0,3,2,22,0,7,1,13,0,1,1,8,605,0,40,238,115,15,179,10,0,0,0,2,0,2,23,26,1,32,0,0,10,4,0,0,0,1,0,0,1,0,6,79,6,2,0,0,0,4,0,0,5,4,8,0,0,0,0,10,815,1,0,1,16,3,4,0,0,0,0,11,0,4,48,0,1,3,2,0,2,11,5,1,0,6,2,13,1,0,0,0,0,0,16,2,0,31,0,0,19,0,20,38,0,0,1,0,0,0,0,34,1,0
Rh-41,7,0,0,0,2,32,2,1,0,2,0,32,0,0,9,0,0,0,0,0,0,0,0,1,19,8,0,0,0,0,2,121,0,0,1,0,0,24,0,0,7,0,0,0,0,23,19,2,56,7,8982,0,738,0,2736,0,58,77,5,95,0,0,0,5,0,55,88,0,25,1,107,5,1,0,0,0,0,0,1,0,300,2,1,0,0,2,7,2,0,83,2,0,1,17,0,0,0,0,292,0,7,17,0,9,3,0,0,0,24,7,0,0,85,2,4,2,69,2420,0,23,0,16,0,6,0,1,0,0,1,0,0,4,0,1,7,0,16,2,298,0,255,0,1,3,387,278,6,0,0,0,4,0,0,1,2,1287,0,12,0,2,0,0,374,6,43,0,120,1,3,0,0,15,0,1,5,0,0,0,1,0,7,1,0,8,2,0,2,38,18,0,2,0,0,0,0,0,0,0,32,0,1,0,0,0,4,0,0,0,6,32,17,693,0,31,0,0,2,0,0,190,0,1,0,0,3,12,91,7,3,35,0,0,0,0,21,0,0,0,58,0,0,14,0,0,2,7,3,32,0,33,32681,69,2498,0,0,5,0,46,5,0,7,1,4,0,17,0,18,0,0,2,0,2,0,0,0,0,0,0,23,8,3595,17,0,0,1694,0,5,3,0,1,0,14,0,0,5,0,6,0,0,17,3,1,0,0,0,4,0,0,86,0,6,172,17,0,1,0,12,343,0,40,81,254,12,143,3,0,0,0,0,1,0,30,10,0,31,1,0,10,1,1,0,0,2,0,0,0,5,7,94,5,0,1,0,0,11,0,0,5,2,8,0,0,0,1,1,834,1,0,0,3,0,4,0,0,0,0,11,0,3,179,0,0,1,6,0,0,4,3,2,0,9,3,14,3,0,0,0,0,0,17,4,0,43,1,0,26,1,17,23,0,0,1,0,0,0,0,38,0,0
Rh-42,0,0,0,0,1,36,0,1,0,0,0,9,0,0,18,0,0,0,0,0,0,0,0,0,14,12,1,0,0,0,0,185,0,0,1,3,0,17,0,0,7,0,3,0,0,28,30,10,63,8,10965,0,882,0,750,15,66,74,9,117,0,0,1,3,0,29,80,0,22,2,294,6,0,1,1,0,0,0,1,0,648,1,0,0,1,2,1,18,0,104,1,1,0,21,1,0,0,0,1076,0,9,10,0,12,199,0,0,0,49,3,0,0,110,2,7,1,59,3110,1,16,0,23,0,16,0,3,0,0,0,0,0,1,1,2,18,0,16,4,156,0,272,0,2,6,441,277,5,0,0,2,3,0,0,6,0,1033,0,0,0,0,3,0,486,6,26,0,56,0,3,0,0,17,0,0,2,0,0,2,0,0,25,4,0,16,3,0,0,38,10,0,0,0,4,0,0,2,0,0,11,0,2,2,1,0,1,0,0,0,21,53,33,1428,0,43,2,0,0,0,0,263,0,0,0,0,7,18,41,8,3,83,0,0,0,2,25,0,0,1,5,0,0,20,0,0,1,5,4,46,8,43,28281,147,1353,1,0,5,0,59,2,0,2,3,7,0,3,0,166,3,0,34,0,0,1,0,0,0,0,0,28,15,1343,58,0,0,1768,1,1,0,0,2,0,11,0,0,3,0,6,0,0,27,7,3,2,0,0,1,0,1,93,0,3,39,5,0,0,5,9,470,0,22,121,176,8,167,4,0,0,1,2,0,0,58,27,1,40,0,0,17,4,2,0,2,4,0,0,2,2,7,80,9,4,0,0,0,10,0,0,3,11,10,0,0,0,0,5,671,0,0,2,5,0,4,0,0,1,0,18,0,5,190,0,0,0,6,0,0,8,6,5,0,7,4,22,3,0,0,0,0,0,9,5,0,41,0,0,41,0,12,72,0,1,0,0,1,0,0,84,0,0
Rh-43,3,1,0,1,0,46,2,3,0,0,0,16,1,0,18,0,0,0,0,2,0,0,0,0,17,20,0,0,0,0,0,79,0,1,0,9,1,12,0,0,7,0,0,0,0,31,33,15,69,0,13646,0,285,1,487,1,86,100,12,122,0,0,0,13,0,31,108,0,25,2,154,7,0,0,1,0,0,0,0,0,852,4,4,1,0,3,6,155,0,63,1,0,0,25,0,0,0,0,581,0,6,12,0,6,2,0,0,0,49,8,0,1,118,2,7,0,61,1648,2,20,1,25,0,19,0,2,0,0,0,0,0,0,0,4,28,0,31,6,220,0,330,0,1,7,480,203,9,0,0,0,3,0,0,4,0,762,0,1,0,5,9,0,232,10,20,0,42,0,7,0,0,16,0,3,4,1,1,0,3,0,12,3,0,10,2,1,2,28,18,0,0,0,1,1,0,1,0,0,18,1,4,1,1,1,1,0,0,0,19,53,26,542,0,36,5,0,0,1,0,776,0,8,0,0,24,7,39,6,1,365,0,0,0,1,24,0,0,7,4,0,0,19,0,0,0,1,5,63,1,42,26611,100,3053,2,0,19,0,64,7,0,5,3,4,0,7,0,49,2,0,9,0,2,0,0,1,0,0,0,22,38,1229,22,0,0,2125,0,4,1,0,2,0,22,0,0,3,1,7,0,0,63,18,5,3,0,0,1,3,6,45,0,6,64,14,0,1,2,9,520,0,24,178,354,14,208,1,0,2,0,0,0,1,63,19,4,41,0,0,19,3,1,0,11,1,0,0,0,4,2,104,2,5,2,2,1,7,0,0,6,9,19,0,0,0,0,37,911,4,0,2,6,0,5,0,0,1,0,42,0,1,127,0,0,2,5,0,0,17,14,5,0,2,5,18,3,1,0,0,0,0,15,17,0,31,0,0,46,2,20,62,0,1,1,0,0,0,0,82,1,0
Rh-44,4,1,1,3,0,36,0,1,0,1,0,34,0,0,8,0,1,0,1,2,0,0,0,0,19,18,0,0,0,0,0,41,0,0,0,3,4,13,0,1,3,0,0,0,0,19,24,6,30,3,12484,0,151,0,858,0,53,85,9,102,0,0,1,8,0,18,83,0,22,1,144,6,1,0,0,0,1,0,0,0,448,3,0,0,0,2,4,5,0,30,1,1,0,17,0,0,0,0,510,0,8,14,0,13,4,0,0,0,10,2,0,0,129,2,2,1,50,1700,0,17,0,12,0,12,0,0,0,0,0,2,0,1,1,1,15,0,12,1,109,0,202,0,0,8,318,54,3,0,0,2,4,0,0,4,0,548,0,0,0,5,2,0,373,22,32,0,62,0,15,0,0,16,0,1,4,0,1,0,2,0,5,0,0,6,2,0,0,16,22,0,0,0,0,0,0,2,0,0,30,0,5,3,0,0,0,0,0,0,15,44,24,539,0,37,1,0,5,0,0,580,0,1,0,0,16,10,45,1,1,54,0,0,0,0,18,0,0,1,12,0,0,21,0,0,1,0,1,47,0,24,22893,103,2453,0,0,7,0,46,10,0,6,4,3,0,4,0,36,0,0,3,0,2,0,0,0,0,0,0,18,4,944,28,0,0,1437,1,6,4,0,0,0,11,1,0,2,1,3,0,0,17,5,3,1,0,0,4,0,3,20,0,6,160,6,0,0,0,3,373,0,20,139,202,9,120,5,0,0,0,0,0,0,46,8,1,23,1,0,20,4,0,0,8,7,2,0,1,2,7,80,10,2,3,1,0,2,0,0,5,6,17,0,0,0,0,17,644,4,0,3,8,0,3,0,0,1,0,13,0,0,120,0,1,1,2,2,0,4,1,4,0,6,3,8,6,0,0,0,0,0,6,13,0,20,0,0,46,0,10,43,0,0,0,0,0,0,0,37,0,0
Rh-53,5,1,3,0,0,29,1,0,0,0,0,23,0,0,9,0,0,0,0,3,0,0,0,0,18,5,0,0,0,0,0,215,1,0,0,8,0,16,0,0,9,0,1,0,0,10,31,10,66,102,12020,0,1282,30,2116,1,67,59,8,155,0,1,0,16,0,7,115,1,45,0,209,15,0,0,0,0,0,0,1,0,620,0,0,0,1,18,4,3,1,303,4,0,0,18,4,1,0,0,771,0,7,12,1,6,5,0,0,1,145,4,0,1,96,0,6,1,84,2488,0,13,0,35,0,94,0,0,0,0,1,2,0,1,0,2,11,0,26,2,456,0,301,0,0,4,474,682,9,0,0,2,2,0,0,2,0,1175,0,0,0,2,7,0,664,9,36,0,36,0,7,0,0,10,0,27,6,0,0,0,3,1,1,13,0,20,0,1,1,35,23,0,0,0,1,0,0,1,0,0,8,0,0,2,1,0,3,0,0,0,11,140,32,765,1,63,2,0,3,0,0,416,0,1,0,0,0,14,58,2,3,40,0,0,0,4,14,0,2,0,3,0,0,11,0,0,1,4,7,56,8,49,28830,166,1909,0,0,7,0,72,6,0,8,5,7,0,8,0,18,0,0,47,0,2,0,0,0,0,0,0,26,68,1922,32,0,0,2549,0,5,4,0,2,0,13,0,0,2,1,8,0,0,18,3,0,6,0,0,0,0,0,28,0,7,2,8,0,1,2,12,514,0,27,154,330,14,149,11,0,0,0,1,0,0,35,15,3,29,0,0,15,2,0,0,0,4,0,0,0,4,2,97,7,1,3,0,0,8,0,0,6,12,25,0,1,0,0,8,700,2,0,3,11,1,8,0,0,0,0,11,0,2,294,0,1,4,6,0,2,8,48,6,1,7,2,17,1,2,0,0,0,0,10,1,0,9,0,0,15,0,14,34,1,1,1,0,0,0,0,30,1,0
Rh-54,1,2,0,1,1,37,1,1,0,2,0,7,0,0,15,0,0,0,1,1,0,0,0,0,26,23,0,0,0,0,2,92,0,1,0,9,1,16,0,0,11,0,0,0,0,43,43,4,62,7,14440,0,175,4,1328,0,64,49,14,147,0,0,1,16,0,15,142,0,44,1,66,5,3,1,2,0,0,0,0,0,584,4,0,0,3,6,2,6,0,122,3,0,0,19,4,0,0,1,191,0,14,9,0,22,3,0,0,0,55,7,0,0,130,1,5,3,66,1188,0,20,1,25,0,162,3,3,0,0,1,0,0,2,0,5,24,0,17,0,523,0,429,0,3,6,616,375,10,0,0,4,2,0,0,3,1,1139,0,1,0,4,9,1,917,12,89,0,53,0,11,0,0,20,6,1,6,1,1,0,3,1,9,25,0,24,4,3,2,35,33,0,0,0,0,1,0,0,1,0,9,0,3,1,3,0,3,0,0,0,13,48,42,276,0,106,3,0,5,0,0,944,0,6,0,0,3,17,60,3,1,51,0,0,0,12,27,0,1,3,4,0,0,15,0,0,1,0,5,57,3,57,29189,105,2080,2,0,13,0,82,8,0,7,0,1,0,2,0,30,0,0,41,0,3,0,0,0,0,0,0,37,103,639,10,0,0,2521,0,2,2,0,3,0,29,1,0,2,2,4,0,0,26,13,6,5,0,2,0,1,6,30,0,11,15,15,0,3,1,2,679,0,37,138,137,12,213,8,0,0,0,3,0,0,37,22,4,51,2,0,7,10,0,0,0,8,0,0,0,7,6,131,2,4,3,1,0,10,0,0,7,83,31,0,1,0,0,6,1147,2,0,1,20,2,8,0,0,2,0,21,0,1,204,0,1,1,3,0,2,9,36,6,1,17,4,20,8,0,0,0,0,0,12,11,0,9,0,0,16,2,34,45,0,0,6,0,0,0,0,60,3,0
Rh-55,2,3,0,1,2,27,0,3,0,0,0,22,0,0,3,0,0,0,0,2,0,1,0,0,22,29,0,0,0,0,1,68,1,1,0,2,2,30,0,0,8,0,0,0,0,23,27,2,37,2,17522,0,204,1,3937,1,70,97,11,128,1,1,1,6,0,16,130,0,34,2,147,13,0,0,2,0,0,0,0,0,543,5,0,0,3,3,1,2,0,66,1,0,0,33,2,0,0,0,314,0,8,15,0,6,3,0,0,0,35,10,0,1,84,0,6,1,49,1303,0,26,0,25,0,63,1,1,0,0,0,3,0,2,0,2,23,0,16,2,393,0,373,0,0,7,506,171,6,0,0,0,1,0,0,3,2,1468,0,1,0,1,6,0,1093,23,48,0,40,1,5,0,0,11,0,0,4,1,0,0,2,0,2,4,0,16,3,0,1,35,29,0,3,0,1,0,0,0,0,0,8,0,3,1,1,0,0,0,0,0,7,49,27,395,0,77,1,0,4,1,0,535,0,2,1,0,1,12,106,3,5,34,0,0,0,5,21,0,1,3,5,0,0,10,0,0,1,1,0,48,22,45,32449,82,2441,1,0,17,0,77,6,0,11,2,1,0,6,0,18,2,0,9,0,0,0,0,0,0,0,0,33,42,758,15,0,0,1816,0,3,1,0,3,0,19,0,0,4,0,11,0,0,37,6,2,3,0,0,1,0,7,13,0,5,71,17,0,1,2,2,506,0,41,121,141,12,188,10,0,0,0,1,1,0,34,14,1,44,0,0,14,4,1,0,0,3,0,0,2,5,6,113,2,3,1,0,1,12,0,0,6,11,24,0,0,0,1,4,911,3,0,2,10,3,4,0,0,2,0,25,0,2,176,0,0,3,4,0,1,15,13,1,0,9,3,22,6,0,0,1,0,0,13,12,0,33,0,1,28,0,36,45,0,0,2,0,0,0,1,28,2,0
Rh-56,1,1,0,1,1,33,1,1,0,0,0,15,0,0,11,0,1,1,0,1,0,0,0,0,23,26,0,0,0,0,0,91,0,0,0,29,1,8,0,0,5,0,0,0,0,26,25,25,96,1,9149,0,112,14,1500,0,85,57,10,121,0,0,0,11,0,16,124,2,32,0,177,15,2,0,1,0,0,0,0,0,1228,3,3,0,3,7,2,24,0,119,4,1,0,18,1,0,0,0,551,0,7,27,1,7,3,0,0,0,23,3,0,0,224,4,6,0,86,1901,1,19,1,24,8,293,1,0,0,0,1,2,0,7,0,2,26,0,12,2,338,0,356,0,0,4,467,203,8,0,0,2,1,0,1,2,0,1384,0,1,0,2,10,0,553,12,54,0,41,0,15,0,0,12,0,21,4,1,1,0,1,0,18,35,0,28,7,3,0,32,24,0,2,0,1,1,0,0,0,0,5,0,10,3,2,0,0,0,0,0,9,85,23,862,0,867,7,0,1,0,0,1115,0,25,0,0,3,16,36,6,6,86,0,0,0,4,26,0,0,2,2,0,0,12,0,0,0,3,7,87,7,45,28105,196,3022,1,0,9,0,94,15,0,5,5,5,0,6,0,108,0,0,19,0,4,2,0,0,0,0,0,31,52,946,31,0,0,2106,2,2,3,0,0,0,18,0,0,3,2,8,0,2,13,28,1,4,0,0,1,1,1,50,0,8,24,13,0,0,2,9,686,0,42,215,602,10,216,14,0,0,0,0,0,1,47,15,0,42,2,0,10,4,1,0,0,8,0,0,1,5,4,101,13,2,3,1,0,16,0,0,6,20,10,0,0,0,0,21,1020,1,0,1,5,2,9,0,0,1,0,22,0,5,215,0,1,3,3,0,0,25,129,6,0,7,6,14,2,0,0,0,0,0,18,11,0,11,0,0,19,1,24,69,0,0,1,0,2,0,0,77,1,0
Rh-65,8,3,3,0,0,44,1,2,0,1,0,8,0,0,16,0,0,0,0,1,0,1,1,0,14,26,0,0,0,0,0,82,0,2,2,2,1,21,0,0,5,0,0,0,0,38,31,10,93,7,9475,0,245,0,706,0,75,161,6,121,1,0,0,12,0,73,103,0,29,1,204,14,0,0,1,0,0,0,1,0,726,4,6,0,0,11,0,86,0,73,0,0,1,11,2,0,0,0,730,0,7,6,0,12,2,0,0,5,16,6,0,0,91,3,4,1,41,1109,6,21,0,24,0,56,0,1,0,0,0,3,0,0,0,7,17,0,21,0,207,0,300,0,0,1,415,130,7,0,0,2,1,0,1,1,0,975,0,0,0,4,1,0,464,18,50,0,40,0,7,0,0,20,0,2,3,1,0,0,5,1,10,8,0,10,4,1,2,53,28,0,0,0,3,0,0,2,0,0,22,0,11,1,1,0,2,0,0,0,9,18,35,587,0,56,5,0,0,0,0,755,0,5,0,0,54,17,40,3,2,86,0,0,0,3,26,0,0,3,5,0,0,19,0,3,0,2,3,57,4,52,26662,125,2287,1,0,5,0,72,9,0,14,2,5,0,6,0,128,0,0,0,0,1,0,0,0,0,0,0,30,19,790,61,0,0,2440,0,1,3,0,2,2,17,0,0,4,2,4,0,7,45,14,3,3,0,0,4,0,13,34,0,10,8,11,0,0,5,14,690,0,36,200,231,12,211,8,0,0,0,0,0,0,56,20,0,23,2,0,11,2,0,0,8,3,0,0,1,3,7,137,5,3,1,1,0,11,0,0,8,4,12,0,0,0,1,4,863,1,0,2,6,0,9,0,0,3,0,21,0,3,240,0,0,1,4,1,0,24,2,8,0,15,3,14,4,0,0,0,0,0,15,12,1,26,0,0,25,1,30,71,1,0,0,0,1,0,1,77,0,0
Rh-66,4,0,1,1,1,42,0,2,0,0,0,7,0,0,17,0,0,0,0,0,0,0,2,0,13,17,0,0,0,0,0,133,1,0,3,1,1,22,0,0,14,0,0,1,0,38,23,10,81,6,8509,1,770,0,383,0,42,83,7,66,0,0,1,10,0,30,77,0,19,0,124,7,0,0,2,0,0,0,2,0,636,3,1,0,0,5,0,3,0,81,1,0,0,10,2,1,0,1,637,0,11,22,0,12,1,0,1,0,71,5,0,0,92,2,7,0,66,3071,0,11,2,10,0,45,0,0,0,0,0,1,0,0,0,5,18,0,17,2,200,0,331,0,0,6,423,263,18,0,0,0,2,0,0,1,0,754,0,0,0,3,5,0,316,24,26,0,79,0,6,0,0,16,4,0,5,3,1,0,5,0,20,6,0,10,2,1,1,32,22,0,0,0,3,0,0,0,0,0,11,0,8,2,0,0,2,0,0,0,8,46,35,1418,0,40,1,0,1,2,1,112,0,1,0,0,17,19,41,4,2,188,0,0,0,2,22,0,0,0,4,0,0,21,0,0,0,4,9,59,0,43,25207,110,1551,2,0,4,0,56,4,0,4,1,6,0,14,0,40,0,0,0,0,0,1,0,1,0,0,0,20,16,1179,31,0,0,1752,0,2,5,0,1,0,23,0,0,3,0,6,0,0,23,11,1,4,0,0,2,0,18,108,0,6,7,8,0,0,4,14,579,0,30,176,202,12,168,6,0,0,0,0,2,0,49,12,0,24,0,0,15,2,0,0,6,4,0,0,1,3,2,87,10,0,1,1,0,8,0,0,7,1,21,0,0,0,2,9,745,2,0,2,9,0,4,0,0,3,0,31,0,10,348,0,1,2,5,1,0,9,6,6,0,11,4,16,9,1,0,0,0,0,17,4,0,23,0,0,40,0,23,37,1,0,2,0,0,0,0,60,1,0
Rh-67,5,1,1,2,1,42,1,2,0,1,0,31,0,0,20,0,0,0,0,1,0,2,2,0,10,22,0,0,0,0,0,103,1,0,2,2,1,9,0,0,8,0,1,0,0,25,20,15,45,3,11059,0,433,0,133,0,84,50,8,57,0,0,1,12,0,33,64,0,26,0,205,5,1,0,0,0,1,0,1,0,329,0,0,0,0,7,0,0,0,60,0,0,0,21,1,0,0,0,1520,0,5,3,0,8,16,0,0,0,35,6,0,0,66,1,6,0,56,2045,0,16,0,17,0,7,0,0,0,0,0,2,0,1,1,2,20,0,15,1,267,0,296,0,4,4,386,198,7,0,0,0,4,0,0,1,0,720,0,0,0,2,2,0,98,16,17,0,34,2,5,0,0,13,0,0,6,0,0,2,4,0,6,0,0,18,1,1,0,21,20,0,0,0,1,0,0,0,0,0,3,0,23,4,0,0,0,0,0,0,8,42,33,1016,0,48,1,0,1,0,0,182,0,1,0,0,22,9,24,3,4,70,0,0,0,1,18,0,1,1,0,0,1,16,0,3,0,1,3,69,2,47,22554,224,1303,1,0,5,0,51,1,0,1,1,1,0,3,0,18,0,0,0,0,3,1,0,0,0,0,0,17,22,549,8,0,0,1388,0,5,4,0,1,0,14,0,0,7,0,2,0,0,114,10,2,3,0,1,1,0,0,80,0,7,10,3,0,1,0,15,551,0,28,71,187,6,147,5,0,0,0,0,2,1,86,16,1,27,0,0,13,3,1,0,10,1,0,0,0,3,5,111,10,1,1,0,0,5,0,0,2,0,15,0,0,0,0,7,619,0,0,0,2,0,4,0,0,3,0,22,0,5,136,1,0,1,4,0,0,3,3,3,1,8,5,24,2,0,0,0,0,0,9,4,0,37,0,0,41,1,17,84,0,0,0,0,2,0,0,112,2,0
Rh-68,2,0,0,1,0,19,0,0,0,3,0,9,0,0,14,0,0,0,0,2,0,0,0,0,19,21,0,0,0,0,0,68,0,0,0,0,0,13,0,0,11,0,1,0,0,38,24,11,45,1,6477,0,195,0,102,0,65,48,10,68,0,0,0,13,1,21,86,0,21,2,92,6,1,0,1,0,0,0,0,0,370,3,3,0,2,6,8,3,0,54,1,0,0,10,1,1,0,0,287,0,5,16,0,7,2,0,0,2,11,2,0,0,70,2,7,0,65,729,0,29,0,16,0,14,0,0,0,0,0,6,0,0,2,1,16,0,13,2,195,0,338,0,0,3,413,161,2,0,0,0,7,0,0,3,0,671,0,0,0,1,2,0,136,9,40,0,37,1,6,0,0,5,0,2,4,0,0,0,1,0,4,3,0,15,2,5,3,25,17,0,1,0,1,0,0,0,0,0,5,0,7,1,1,0,1,0,1,0,16,19,24,521,0,83,3,0,2,1,1,248,0,1,0,0,8,7,22,4,14,16,0,0,0,2,13,0,0,2,2,0,2,17,0,0,0,1,4,80,2,29,20523,81,1641,0,0,11,0,68,4,0,0,2,2,0,2,0,13,0,0,0,0,1,1,0,0,0,0,0,34,59,674,17,0,0,1483,0,1,6,0,1,0,26,0,0,3,0,8,0,0,20,9,1,4,0,0,1,0,2,36,0,9,12,9,0,0,2,5,649,0,37,122,115,9,241,6,0,0,0,0,0,0,37,7,0,42,0,0,3,2,1,0,2,6,0,0,0,2,4,105,14,4,1,0,2,6,0,0,2,2,11,0,0,0,0,12,897,2,0,2,3,0,4,0,0,2,0,19,0,2,149,0,1,2,6,1,2,5,2,8,0,10,5,18,4,0,0,0,0,0,14,11,0,19,0,0,14,2,19,30,0,1,1,0,1,1,0,42,1,0
Rh-77,2,2,0,0,1,28,0,2,0,1,0,13,0,0,7,0,0,0,0,0,0,0,4,0,17,19,0,0,0,0,1,64,0,1,0,3,0,17,0,2,7,0,0,0,0,51,30,16,56,2,7000,0,152,1,438,0,70,163,13,95,0,0,2,13,0,18,96,0,24,3,227,18,3,0,0,0,0,0,1,0,700,3,4,0,1,7,3,12,0,39,1,0,0,16,0,0,0,0,709,0,16,8,0,9,35,0,0,1,15,7,0,0,74,3,16,2,48,839,0,15,2,25,0,46,1,1,0,0,0,1,0,1,0,6,23,0,14,2,152,0,243,0,1,5,420,130,4,0,0,0,2,0,0,1,0,495,0,0,0,2,3,0,142,8,52,0,74,2,2,0,0,15,3,3,3,0,0,0,6,0,4,3,0,10,1,1,2,30,15,0,0,0,0,0,0,0,0,0,9,0,6,2,1,0,2,0,0,0,20,18,30,610,0,64,1,0,4,0,0,339,0,5,0,0,1,15,43,5,2,13,0,0,0,5,13,0,0,4,12,0,0,14,0,0,0,1,4,52,0,41,25685,101,1011,2,0,13,0,73,0,0,8,3,2,0,1,0,198,0,1,9,0,2,0,0,1,0,0,0,19,40,500,79,0,0,1921,0,1,1,0,0,0,16,0,0,5,1,4,0,0,25,19,2,3,0,0,1,1,1,51,0,3,4,8,0,0,4,8,559,0,32,128,130,11,147,9,0,0,0,3,2,0,63,19,0,25,0,0,2,1,2,0,1,6,0,0,1,0,7,82,5,2,1,1,1,5,0,0,4,7,13,0,0,0,0,5,795,0,0,2,8,1,6,0,0,1,0,19,0,8,111,0,5,3,2,0,0,8,1,5,0,16,3,22,6,0,0,0,0,0,11,6,0,20,0,0,25,2,14,44,0,0,3,0,0,0,0,82,2,0
Rh-78,0,0,3,0,2,16,1,0,0,3,0,32,0,0,16,0,0,0,0,1,0,1,0,0,15,24,1,0,0,0,2,94,1,0,0,2,0,15,0,0,11,0,4,0,0,33,42,4,66,13,3820,0,202,1,518,0,106,63,7,97,0,0,0,11,0,12,100,1,16,4,256,7,0,0,0,0,0,0,1,0,479,0,2,0,2,14,22,5,0,66,7,0,0,21,0,0,0,1,706,0,6,11,0,8,1,0,0,0,9,4,0,1,70,0,8,2,75,1380,2,27,0,24,0,34,1,1,0,0,0,1,1,3,0,2,20,0,29,1,306,0,370,0,1,8,455,189,7,0,0,0,2,0,1,5,0,1499,0,1,0,2,3,0,483,9,29,0,42,2,6,0,0,12,0,2,7,1,0,0,0,0,23,3,0,24,4,6,5,30,28,0,2,0,1,0,0,0,0,0,8,0,5,5,1,0,0,0,0,0,10,24,29,674,0,82,3,0,3,0,0,526,0,0,0,0,0,13,37,3,3,51,0,0,0,0,24,0,2,3,2,0,0,23,0,0,1,2,10,85,0,63,26578,125,1519,4,0,15,0,100,5,0,6,2,0,0,6,0,30,1,0,0,0,3,2,0,0,0,0,0,37,32,994,17,0,0,1772,0,2,4,0,0,0,28,2,0,3,5,5,0,0,9,15,5,1,0,1,0,2,0,19,0,11,8,12,0,0,1,8,692,0,39,127,159,13,245,15,0,0,0,1,0,0,34,22,5,37,0,0,10,1,3,0,0,10,0,0,0,1,5,138,5,1,1,0,0,10,0,0,7,3,16,0,0,0,0,5,894,0,0,4,3,0,2,0,0,1,0,26,0,0,151,0,0,5,8,0,7,10,3,8,1,14,5,20,4,0,0,0,0,0,9,2,0,20,0,1,10,0,30,69,0,0,0,0,0,0,0,33,2,0
Rh-79,2,2,1,0,1,31,1,2,0,0,0,8,0,0,9,0,0,0,0,0,0,1,0,0,22,19,0,0,0,0,0,81,1,0,0,0,1,26,0,1,13,0,1,2,0,45,31,17,72,3,6101,0,131,0,511,0,76,85,10,98,0,0,3,10,0,15,116,0,19,0,105,20,0,0,0,0,0,0,1,0,604,1,2,0,2,9,0,2,0,349,0,0,0,18,0,0,0,0,528,0,12,15,0,10,5,0,0,0,5,5,0,0,93,1,5,3,102,1443,0,22,0,27,0,141,0,1,0,0,0,1,1,0,0,4,21,0,16,2,321,0,287,0,1,5,452,168,12,0,0,0,2,0,0,3,2,799,0,0,0,1,2,0,222,16,48,0,77,2,7,0,0,19,0,1,2,0,0,1,3,0,11,19,0,7,0,2,2,32,31,0,0,0,4,1,0,0,0,0,14,0,15,2,1,0,0,0,0,0,10,105,35,598,0,52,0,0,2,0,1,314,0,0,0,0,4,7,35,5,6,13,0,0,0,3,21,0,1,2,21,0,0,14,0,0,1,2,9,71,1,59,27430,175,1998,0,0,5,0,106,8,0,12,1,2,0,5,0,47,0,0,6,0,2,1,0,0,0,0,0,29,48,717,30,0,0,2140,0,4,3,0,1,1,22,0,0,1,0,11,0,1,31,12,3,2,0,3,0,0,1,84,0,8,0,13,0,0,1,10,683,0,52,212,229,7,180,14,0,1,0,0,0,0,65,12,2,41,0,0,8,3,0,0,0,5,1,0,1,2,4,113,6,1,1,1,0,4,0,0,2,2,24,0,0,0,0,8,811,0,0,1,4,1,3,0,0,3,0,18,0,2,149,0,0,3,1,0,1,6,8,8,2,9,7,14,3,0,0,0,0,0,16,4,0,36,0,0,21,0,21,95,0,0,2,0,0,0,1,97,1,0
Rh-80,1,2,0,0,0,7,1,0,0,1,0,13,1,0,31,0,0,0,0,1,0,0,0,0,36,14,0,0,0,0,0,66,0,0,1,1,1,8,0,1,9,0,1,0,0,47,20,6,78,8,4376,0,397,0,450,0,106,30,15,71,0,0,1,9,0,20,117,0,9,1,229,9,1,0,0,0,0,0,0,0,397,2,6,0,2,4,4,2,0,50,1,0,1,22,1,0,0,0,625,0,9,11,0,5,1,0,1,0,27,7,0,0,83,0,5,0,82,2953,1,13,0,23,0,22,0,1,0,0,0,2,0,1,0,2,5,0,12,0,328,0,386,0,4,6,470,136,6,0,0,0,1,0,0,1,1,1817,0,0,0,2,2,0,44,2,46,0,25,0,6,0,0,20,0,0,2,0,2,0,2,0,21,9,0,21,0,0,0,27,39,0,0,0,0,0,0,0,0,0,13,0,1,1,0,0,0,0,0,0,13,19,32,1724,0,57,4,0,7,0,0,475,0,6,0,0,4,16,34,2,2,33,0,0,0,2,21,0,1,0,5,0,1,14,0,0,0,4,1,67,0,52,23137,141,1225,1,0,5,0,86,2,0,5,5,1,0,20,0,24,0,0,0,0,6,0,0,0,0,0,0,29,34,2156,12,0,0,1887,0,4,1,0,1,0,21,6,0,6,0,4,0,0,0,8,1,7,0,3,0,2,2,34,0,3,0,20,0,0,3,6,834,0,44,309,144,13,208,7,0,0,0,0,1,0,8,24,0,42,0,0,15,3,0,0,0,10,0,0,3,2,5,173,6,0,0,1,1,9,1,0,1,1,27,0,0,0,0,1,860,2,0,0,5,0,3,0,0,2,0,15,0,9,150,0,1,1,4,1,0,10,5,3,0,9,3,23,4,1,0,0,0,0,17,0,0,33,0,0,4,0,26,76,0,1,3,0,0,0,0,50,2,0
Rh-89,4,1,0,1,1,18,3,0,0,0,0,6,0,0,11,0,0,0,0,1,0,1,1,0,4,11,0,0,0,0,0,357,1,2,0,1,1,21,0,0,2,0,4,1,0,28,24,9,89,4,5455,0,1060,0,457,0,76,54,16,196,0,0,0,8,0,10,70,1,31,2,104,14,1,0,0,0,0,0,0,0,380,2,2,0,1,7,3,5,0,285,2,0,0,25,2,1,0,1,260,0,12,18,1,10,0,0,1,0,64,3,0,1,61,0,10,0,72,1294,1,17,0,22,0,8,0,0,0,0,35,0,0,0,0,3,16,0,55,15,202,0,404,0,1,8,502,708,6,0,0,1,2,0,1,3,0,230,0,0,0,4,7,0,502,3,41,0,96,1,7,0,0,15,0,0,4,0,0,0,1,0,3,1,0,44,4,1,1,38,23,0,0,0,8,0,0,0,0,0,20,1,8,2,1,0,3,0,0,0,34,63,32,616,0,36,5,0,5,0,0,646,0,0,0,0,1,22,37,5,1,31,0,0,0,2,28,0,0,1,1,0,0,16,0,1,0,6,2,91,2,40,28838,219,957,2,0,7,0,57,9,0,12,2,16,0,11,0,36,2,0,0,0,2,1,0,0,0,0,0,43,84,558,40,0,0,2510,0,3,3,0,2,0,18,0,0,3,0,5,0,0,24,15,1,7,0,0,1,0,11,23,0,8,9,10,0,0,4,4,474,0,32,224,92,16,177,5,0,0,0,1,2,1,65,27,5,45,0,0,14,3,3,0,0,2,0,0,1,4,5,51,5,2,1,1,0,6,0,0,5,21,26,0,0,0,0,6,619,0,0,2,10,0,4,0,0,4,0,16,0,0,120,0,1,4,1,1,2,8,2,6,0,6,4,30,4,1,0,0,0,0,25,3,0,36,0,0,15,0,31,30,0,1,3,0,0,0,0,58,3,0
Rh-90,2,0,0,1,0,27,1,0,0,0,1,11,0,0,9,0,1,0,0,2,0,1,1,0,13,16,0,0,0,0,1,253,1,0,0,2,1,22,0,0,4,0,1,0,1,19,18,6,85,7,2568,0,830,0,783,0,54,61,8,72,0,0,0,12,1,8,56,0,24,2,127,9,0,0,0,0,0,0,1,0,625,2,0,0,1,4,1,5,0,137,1,0,0,16,0,0,0,0,282,0,7,3,0,5,2,0,0,0,69,3,0,0,53,1,5,1,44,1498,0,8,0,14,1,6,1,0,0,0,3,0,0,0,0,4,18,0,10,2,211,0,310,0,0,2,295,852,6,0,0,1,4,0,0,1,0,429,0,0,0,2,1,0,135,9,18,0,87,0,5,0,0,14,0,0,1,1,1,0,6,0,6,1,0,16,2,2,0,25,9,0,0,0,1,0,0,0,0,0,17,1,10,1,0,0,1,0,0,0,6,84,17,531,1,57,2,0,3,0,0,586,0,0,0,0,0,11,31,4,3,43,0,0,0,0,15,0,1,1,0,0,0,16,0,0,0,5,7,83,1,31,24626,140,1104,0,0,5,0,43,4,0,4,2,16,0,3,0,39,0,0,0,0,2,0,0,0,0,0,0,28,98,489,24,0,0,2208,0,1,0,0,1,0,11,0,0,4,0,4,0,0,21,9,0,1,0,5,2,0,0,46,0,3,141,11,0,0,3,6,380,0,23,356,113,4,130,2,0,0,0,0,0,0,80,6,1,29,0,0,6,1,1,0,0,4,0,0,0,2,0,43,5,0,0,1,0,6,0,0,0,4,23,0,2,0,0,3,492,0,0,1,4,1,6,0,0,2,0,10,0,1,124,0,0,1,2,1,10,10,14,8,0,6,4,8,4,0,0,0,0,0,12,1,0,6,0,0,17,1,9,72,0,0,0,0,0,0,0,130,0,0
Rh-91,2,0,0,0,0,17,1,0,0,0,0,17,0,0,19,0,0,0,0,0,0,1,0,0,24,29,0,0,0,0,1,98,1,0,0,3,0,21,0,0,9,0,1,1,0,23,36,9,79,2,4399,0,163,0,278,0,86,141,5,141,0,1,1,20,0,13,93,0,17,0,134,6,0,0,0,0,0,0,1,0,404,1,10,0,3,7,2,16,0,71,2,0,1,23,1,1,0,0,502,0,4,12,1,7,0,0,0,0,15,7,1,0,76,1,15,1,68,1974,0,20,0,24,0,6,0,1,0,0,1,0,0,0,1,1,17,0,27,0,176,0,327,0,2,2,436,198,6,0,0,1,6,0,0,3,0,650,0,0,0,0,8,0,144,6,25,0,59,3,8,0,0,16,0,1,4,0,0,0,1,0,44,2,0,15,2,4,3,28,26,0,0,0,0,0,0,1,0,0,17,0,8,1,0,0,0,0,0,0,14,46,36,839,0,51,0,0,1,0,0,200,0,3,0,0,4,14,32,1,2,70,0,0,0,2,20,0,1,5,1,0,0,27,0,0,1,1,2,72,0,54,25112,217,857,3,0,22,0,77,3,0,10,4,3,0,4,0,35,0,0,0,0,0,0,0,0,0,0,0,22,49,625,57,0,0,1733,1,2,4,0,2,0,19,0,0,3,2,8,0,0,13,9,3,2,0,0,1,1,8,39,0,7,5,17,0,0,4,4,548,0,44,269,185,7,193,2,0,0,0,0,0,1,41,10,0,33,0,0,6,4,2,1,0,7,0,0,0,6,6,110,9,2,0,1,2,4,0,0,4,2,17,0,0,0,0,5,959,0,0,2,6,1,8,0,0,1,0,24,0,9,111,0,0,1,5,0,0,9,15,2,0,9,0,26,6,0,0,0,0,0,16,2,0,14,0,2,33,1,32,29,0,0,3,0,0,0,0,66,1,1
Rh-92,0,1,0,0,0,12,0,0,0,1,0,6,0,0,4,0,0,0,1,1,0,1,3,0,16,11,0,0,0,0,0,79,0,0,0,1,1,20,0,1,8,0,1,1,0,34,20,3,46,0,4484,0,149,0,206,0,64,123,11,94,0,0,0,15,0,18,37,3,32,1,118,13,1,0,2,0,0,0,0,0,595,2,1,0,0,0,3,7,1,48,2,0,0,12,0,0,0,0,284,0,2,4,0,6,1,0,0,0,8,5,0,0,91,0,7,1,42,1688,0,19,0,16,0,16,0,1,0,0,2,3,0,0,0,1,11,0,15,1,70,0,242,0,0,2,332,72,7,0,0,0,1,0,0,2,0,489,0,0,0,2,2,0,59,18,23,0,38,2,5,0,0,14,0,0,2,0,0,0,3,1,22,1,0,5,0,1,0,25,22,0,0,0,0,0,0,0,0,0,15,0,3,1,2,0,4,0,0,0,13,6,31,660,0,50,3,0,1,0,0,312,0,5,0,0,3,20,28,2,5,62,0,0,0,4,7,0,1,1,2,0,0,21,0,0,0,2,4,45,0,36,17229,88,2146,2,0,4,0,42,1,0,2,0,3,0,6,0,80,0,0,0,0,2,0,0,0,0,0,0,24,4,868,71,0,0,1384,0,4,3,0,3,0,14,0,0,1,0,2,0,0,11,5,4,3,0,0,0,2,1,72,0,4,6,13,0,1,7,8,398,0,20,115,155,3,135,4,0,1,0,0,1,0,33,12,0,24,0,0,9,2,1,0,0,3,0,0,1,3,1,81,4,1,0,1,0,3,1,0,2,5,6,0,0,0,0,7,559,0,0,0,5,0,1,0,0,2,0,17,0,8,125,0,0,1,0,1,0,7,3,5,1,17,2,11,2,0,0,0,0,0,8,7,0,16,0,0,35,2,11,33,0,0,0,0,0,0,0,37,1,0
Rh-Gifu1,0,6,0,1,2,1,3,0,0,4,2,39,0,0,190,0,2,0,0,1,0,13,0,0,9,58,0,0,0,0,4,85,0,0,0,0,2,30,0,0,18,0,1,0,1,163,44,13,23,1,16,0,1,0,3,0,126,54,17,73,0,0,0,20,0,1,43,0,0,0,121,15,0,0,0,0,3,0,5,0,168,6,10,0,2,1,3,0,0,4,2,0,0,45,0,0,0,2,49,0,2,45,2,32,0,0,2,0,3,7,0,0,53,0,5,6,183,464,0,35,0,36,0,2,0,0,0,0,0,2,0,0,0,0,24,0,63,7,52,0,749,0,2,11,1301,3,10,0,0,0,8,0,0,4,0,54,0,1,0,2,8,0,2,0,26,0,23,0,25,0,0,37,0,2,14,0,2,0,9,0,20,0,0,33,2,17,0,86,28,0,0,0,0,4,0,0,1,0,2,0,3,5,1,0,20,0,0,0,153,0,83,1587,2,57,0,0,2,0,1,0,0,16,0,0,5,36,51,8,3,27,0,0,0,0,38,0,1,5,3,1,0,21,0,0,1,0,10,141,0,106,26197,70,143,1,0,1,0,110,3,0,32,1,0,0,5,0,23,0,0,0,0,3,0,0,0,0,0,0,67,0,68,107,0,1,597,0,17,2,0,7,0,32,0,1,0,0,15,0,0,0,15,6,17,0,0,0,0,1,22,0,8,2,29,0,1,4,0,912,0,109,159,26,39,337,4,0,0,0,0,1,0,0,26,6,58,0,0,13,4,0,0,0,3,0,0,0,2,13,69,23,0,1,1,0,1,6,0,0,4,54,0,9,0,0,6,1158,0,0,25,8,0,11,0,0,4,0,23,0,23,124,2,1,0,4,0,0,2,0,7,4,5,16,51,16,0,0,2,0,3,33,0,0,49,0,0,149,4,30,53,1,0,3,0,2,0,0,7,5,0
Rh-Gifu2,0,8,0,0,1,0,8,2,0,9,3,16,0,0,98,0,1,0,0,2,0,6,0,9,13,24,0,0,0,0,3,74,0,0,0,0,1,16,0,0,12,0,1,0,1,96,50,12,8,0,15,0,1,0,1,0,129,24,20,62,0,1,1,16,0,0,34,0,1,0,115,13,0,0,1,0,2,0,2,0,120,5,10,0,3,1,4,0,0,3,4,0,0,41,0,0,0,3,52,0,0,22,1,26,0,0,0,0,0,14,0,0,50,0,8,0,108,401,0,19,0,14,0,1,0,1,0,0,1,0,0,0,0,0,11,0,35,2,59,0,567,0,1,8,865,4,11,0,0,0,8,0,0,13,0,31,0,0,0,4,4,0,1,1,15,0,11,0,14,0,0,23,0,0,13,1,3,1,2,0,14,0,0,18,5,9,6,49,14,0,4,0,0,0,0,0,1,0,19,0,2,1,3,0,13,0,0,0,83,0,75,854,0,66,0,0,0,0,2,0,0,11,0,0,5,36,50,4,1,21,0,0,0,0,32,0,1,5,1,0,0,18,0,0,3,0,4,92,0,83,17828,57,178,0,0,1,0,75,4,0,16,6,0,0,1,0,14,0,0,0,0,6,0,1,0,0,0,0,63,0,24,48,0,0,529,0,8,5,0,1,0,28,1,0,1,0,11,0,0,0,6,7,11,0,0,0,2,0,16,0,8,0,13,0,0,3,0,617,0,67,113,35,26,206,1,0,0,0,0,1,0,3,21,0,42,0,0,6,1,1,0,0,2,0,0,1,1,20,73,11,0,0,0,0,0,2,0,1,0,37,0,2,0,0,12,753,0,0,11,8,0,12,0,0,3,0,35,0,16,131,2,0,0,0,0,0,1,0,5,0,4,10,25,7,0,0,0,0,2,37,1,0,66,0,0,105,0,26,40,0,0,4,0,2,0,0,8,6,0
Rh-Gifu3,0,1,0,1,0,0,2,2,0,1,0,29,0,0,81,0,0,0,1,0,0,1,0,0,4,26,0,0,0,0,4,60,0,0,0,2,0,18,0,0,8,0,1,1,0,72,22,4,29,0,95,0,22,0,5,0,80,19,9,51,0,0,0,18,0,1,32,0,1,2,36,6,0,0,0,0,1,0,1,0,80,0,7,0,1,0,2,0,0,12,0,0,0,27,0,0,0,4,45,0,1,17,0,11,0,0,1,0,2,2,0,0,30,1,4,1,100,250,0,12,0,13,1,0,0,1,0,0,5,1,0,0,0,0,10,0,23,2,37,0,323,0,6,4,510,17,9,0,0,1,7,0,0,7,0,33,0,0,0,2,3,0,1,0,24,0,5,1,5,0,0,23,0,2,3,0,1,0,4,0,12,0,0,14,4,13,5,33,13,0,0,0,0,0,0,0,0,0,43,0,3,1,1,0,7,0,0,0,28,1,53,742,0,625,0,0,2,0,0,0,0,5,0,0,3,15,33,3,2,91,0,0,0,0,16,0,0,4,1,0,0,10,0,0,2,1,1,62,0,67,12399,50,144,1,0,1,0,70,2,0,11,1,1,0,1,0,8,0,0,0,0,3,0,0,0,0,0,0,30,0,29,59,0,0,350,0,4,2,0,0,0,18,0,0,1,0,11,0,0,0,7,6,2,0,0,0,1,1,36,0,1,2,16,0,0,0,0,369,0,40,82,24,16,154,3,0,0,0,0,0,0,0,11,1,29,0,0,5,3,1,0,0,1,1,0,1,1,7,68,8,0,0,0,0,0,0,0,0,0,29,0,3,0,0,1,540,0,0,4,12,0,7,0,0,1,0,19,0,5,65,4,0,1,5,0,0,0,0,4,1,0,5,20,3,0,0,0,0,0,17,0,0,57,0,0,43,2,20,32,0,0,0,0,1,0,0,5,0,0
Rh-Gifu4,0,4,1,2,4,0,2,1,0,1,3,16,1,0,63,0,0,0,0,2,0,2,0,0,12,33,0,0,0,0,0,105,1,0,0,1,0,59,0,0,15,0,0,0,0,88,53,3,37,2,130,1,56,0,18,0,76,33,16,35,0,0,0,22,0,1,33,0,0,1,56,17,0,0,1,0,3,0,2,0,151,3,11,0,4,0,1,0,0,21,0,0,0,29,0,0,0,3,56,0,2,31,0,27,0,0,0,0,10,2,0,0,51,0,5,3,146,370,0,14,0,12,0,0,1,0,0,0,2,1,0,0,0,3,16,0,48,6,65,0,508,0,4,9,818,56,10,0,0,0,5,0,0,9,0,15,0,0,0,1,4,0,0,0,27,0,23,0,13,0,1,22,0,3,8,0,1,1,5,0,3,0,0,18,3,11,3,58,20,0,1,0,0,0,0,0,0,0,64,0,1,0,1,0,7,0,0,0,80,1,59,731,1,69,0,0,2,2,0,0,0,7,0,0,4,26,44,3,2,7,0,0,0,0,31,0,0,6,1,0,0,11,0,0,0,0,3,93,0,80,17938,46,143,3,0,4,0,88,4,0,6,2,0,0,0,0,22,0,0,0,0,1,0,0,0,0,0,0,52,5,50,37,0,0,390,0,14,5,0,10,0,24,1,0,4,0,23,0,0,0,5,8,15,0,0,0,0,1,4,0,8,1,37,1,0,1,2,690,0,65,154,15,45,261,2,0,0,0,0,4,0,2,33,2,50,0,0,6,4,1,0,0,2,0,0,1,8,14,72,18,0,0,0,0,2,4,0,0,1,26,0,3,0,0,6,913,0,0,8,17,0,5,0,0,2,0,47,0,4,70,2,4,0,5,2,0,3,0,2,1,2,5,27,11,0,0,1,0,2,18,0,0,36,0,1,89,1,29,32,1,0,2,0,0,0,0,12,0,0
